,SPY,QQQ,SMH,XLU
2022-01-03,100.0,100.00000000000001,100.0,100.0
2022-01-04,99.96650687655689,98.70294761999601,99.48035487959442,99.68957245661069
2022-01-05,98.04693223922463,95.67068313085043,96.0678073510773,99.63313108508535
2022-01-06,97.95482614975612,95.60346544513044,97.02154626108998,98.6030760547481
2022-01-07,97.56756190994534,94.56781517625973,94.07160963244613,99.3509242274587
2022-01-10,97.44614933746413,94.63005377414858,94.19201520912547,98.70184845491744
2022-01-11,98.33371710870611,96.05158334993028,96.0931558935361,97.81289685339353
2022-01-12,98.59956877603564,96.43248356901016,96.91381495564005,98.12332439678285
2022-01-13,97.2410039563752,94.02011551483768,95.22813688212926,98.6030760547481
2022-01-14,97.28077704046387,94.60515833499304,97.24651457541191,97.92577959644419
2022-01-18,95.55797450335977,92.25004979087831,92.89607097591887,96.75462113729361
2022-01-19,94.56574072135814,91.23680541724757,90.3295310519645,97.1920417666149
2022-01-20,93.51908061376147,90.05178251344354,87.56337135614702,97.3190348525469
2022-01-21,91.68323878503693,87.5547699661422,86.10583016476552,97.13560039508961
2022-01-24,92.07259634506289,87.95558653654649,87.20849176172369,96.20431776492167
2022-01-25,90.94848338950408,85.91665006970723,83.754752851711,94.69451107661915
2022-01-26,90.72031148604802,85.78221469826727,84.96197718631176,93.9184422181459
2022-01-27,90.27234095999664,84.91834295956981,81.33396704689478,94.7509524481445
2022-01-28,92.51428691046867,87.58215494921332,82.91825095057034,95.89389022153237
2022-01-31,94.18056980176257,90.3828918542123,87.26235741444866,97.71412445322422
2022-02-01,94.81693914718133,90.9978092013543,87.63624841571607,96.41597290814164
2022-02-02,95.7380000418664,91.73720374427404,89.87325728770594,97.84111753915619
2022-02-03,93.48768081053358,88.01782513443537,85.8871989860583,97.4036969098349
2022-02-04,93.92727805572419,89.12816172077274,86.3529784537389,96.62762805136164
2022-02-07,93.62583994473633,88.411173073093,86.48922686945498,96.48652462254832
2022-02-08,94.3961817839275,89.40450109539931,88.26045627376425,96.55707633695498
2022-02-09,95.77777312595506,91.29904401513642,91.3339670468948,96.98038662339495
2022-02-10,94.05706390906614,89.23272256522606,88.59949302915082,94.52518696204318
2022-02-11,92.20238219840489,86.4021111332404,84.04626108998733,94.5816283335685
2022-02-14,91.90094408741705,86.50916152160923,83.989226869455,93.77733878933256
2022-02-15,93.38301479977392,88.66012746464847,88.55671736375159,93.3399181600113
2022-02-16,93.48768081053358,88.63772156940848,88.53929024081116,93.55157330323125
2022-02-17,91.49065332523917,86.00129456283607,84.99049429657794,93.60801467475659
2022-02-18,90.89824370433945,85.02041426010753,84.04626108998733,93.4386905601806
2022-02-22,89.92275648405935,84.1665006970723,83.46958174904942,93.3399181600113
2022-02-23,88.32764648008207,82.01055566620195,81.72053231939162,91.7595597573021
2022-02-24,89.6569048167298,84.76648078072097,84.52471482889732,92.49329758713135
2022-02-25,91.63509242008747,86.08095996813383,85.70342205323195,95.35769719204175
2022-02-28,91.40064055598585,86.33738299143596,84.96514575411912,95.85155919288839
2022-03-01,90.0085826128823,85.01543517227644,82.28453738910011,95.01904896288978
2022-03-02,91.66439890310019,86.44194383588928,84.97782002534854,96.176097079159
2022-03-03,91.20805509618806,85.20713005377414,83.14638783269963,97.86933822491885
2022-03-04,90.46701974000963,83.97231627165903,80.90937896070974,100.02822068576266
2022-03-07,87.80012978585333,80.87532364070901,76.88212927756653,101.3263722308452
2022-03-08,87.13445395742185,80.49940250946027,78.04182509505702,99.76012417101735
2022-03-09,89.47059931757762,83.3972316271659,81.43219264892268,99.05460702695075
2022-03-10,89.0665885160453,82.47112129057955,79.67046894803548,99.71779314237335
2022-03-11,87.93410227962569,80.7608046205935,77.88022813688211,99.37914491322138
2022-03-14,87.29145297356136,79.20981876120295,75.63054499366285,99.26626217017072
2022-03-15,89.21102761089362,81.6943835889265,78.79911280101393,100.53619302949062
2022-03-16,91.18921521425132,84.72415853415653,82.9721166032953,100.3527585720333
2022-03-17,92.33007473153168,85.74985062736506,83.49176172370089,100.77606885847325
2022-03-18,93.33821963115697,87.5049790878311,85.29467680608363,99.915337942712
2022-03-21,93.31092284236895,87.26192242581159,85.09505703422053,100.57780443064763
2022-03-22,94.40279439388974,88.9768505173609,85.68124207858048,100.71984341445028
2022-03-23,93.18703741633104,87.69813233281906,83.53929024081113,100.86188239825293
2022-03-24,94.59177216242219,89.64736746013236,87.60456273764258,101.89876698001216
2022-03-25,95.05371781883484,89.57258861893109,87.2401774397972,103.37597241155962
2022-03-28,95.72983827958423,90.9584898091948,87.87389100126741,104.04355563543201
2022-03-29,96.91409896238753,92.52386021834154,89.86058301647655,105.00942072528997
2022-03-30,96.31566936203478,91.50188272192406,87.2528517110266,105.87585852648604
2022-03-31,94.83324375554697,90.36773696370469,85.48479087452472,105.76222733944391
2022-04-01,95.10201213745975,90.19574562894175,84.10012674271229,107.23943277099134
2022-04-04,95.91671629513297,92.05275351877349,85.48795944233207,106.41560666493605
2022-04-05,94.70515882354164,90.00879852593854,81.7997465145754,107.08318988880846
2022-04-06,93.75817022789573,88.05457814254514,80.10773130544992,109.213774645848
2022-04-07,94.23061464922684,88.26395889790874,80.12040557667935,108.94390057662302
2022-04-08,93.9786442911836,87.03010801808762,78.21609632446133,109.31320193450985
2022-04-11,92.37233325865785,84.97119725701243,76.45754119138148,107.82179260458216
2022-04-12,92.03007352231575,84.61225881924629,76.04562737642584,108.23370565760983
2022-04-13,93.08414952013003,86.3321721668757,77.85171102661596,108.02064718190587
2022-04-14,91.92508587313105,84.35801075916196,75.48162230671736,108.07746277542691
2022-04-18,91.96288142683754,84.42281908820307,76.77439797211662,107.49510294183612
2022-04-19,93.44740678630907,86.30973851451532,78.40937896070974,108.19109396246903
2022-04-20,93.37811493784714,85.05096135429379,78.26679340937895,109.07173566204538
2022-04-21,91.98177920369079,83.29116595802371,76.12167300380227,107.26784056775188
2022-04-22,89.45787611729084,81.11011642298642,74.37579214195183,105.4639454734584
2022-04-25,89.9765151042632,82.15203494372425,75.66223067173637,104.73954665606493
2022-04-26,87.37072165149918,79.05120566191124,72.43662864385296,103.6884581759254
2022-04-27,87.61639275059137,78.95648579638963,72.08808618504433,103.19132173261619
2022-04-28,89.82953239540463,81.76069234143756,76.2040557667934,104.34183750141753
2022-04-29,86.50982292818475,78.08157335433467,72.82953105196451,101.21697985775954
2022-05-02,87.03056166814079,79.38521781927696,74.94930291508238,100.18009527600026
2022-05-03,87.42951473504262,79.46996717263839,75.56400506970849,100.56360053226739
2022-05-04,90.09200151836635,82.15702019980434,78.15589353612167,102.80781647634906
2022-05-05,86.8898782182333,78.01925765333361,74.48669201520912,101.75672799620955
2022-05-06,86.37123923126093,77.08452213831762,73.7230671736375,102.56635020388455
2022-05-09,83.6058645517362,74.06844220986606,69.99049429657795,101.79933969135034
2022-05-10,83.79904182623602,74.96828093232146,71.7997465145754,100.56360053226739
2022-05-11,82.46779843457416,72.74485672060344,69.5975918884664,101.28799934966085
2022-05-12,82.3817085622427,72.57286538584052,69.9271229404309,100.26531866628186
2022-05-13,84.35127686094751,75.26241104104648,73.5931558935361,101.45844613022402
2022-05-16,84.0090171246054,74.38999122703156,72.40494296577945,101.77093189458981
2022-05-17,85.73711383018541,76.3167927019845,75.86818757921418,102.82202037472933
2022-05-18,82.28092041902542,72.57037275780046,72.24334600760456,101.82774748811087
2022-05-19,81.77697970293887,72.18152278355382,72.26235741444866,101.61468901240691
2022-05-20,81.8126755036617,71.95718625994999,72.29721166032952,101.89876698001216
2022-05-23,83.34339542877447,73.15364771917045,72.87705956907477,103.12030224071486
2022-05-24,82.70717027471527,71.59824782218385,70.95373891001265,105.1798675058531
2022-05-25,83.43788431304068,72.60028429428097,72.43029150823826,105.10884801395179
2022-05-26,85.10508818209358,74.61183512259537,74.85107731305449,105.40712987993732
2022-05-27,87.19434240086892,77.04713271771699,77.82002534854244,107.05478209204793
2022-05-31,86.70509995566826,76.84273721843348,77.49683143219265,105.57757666050048
2022-06-01,86.0037824591145,76.27441802530379,76.2230671736375,105.40712987993732
2022-06-02,87.6415897863957,78.36324032285948,78.91634980988592,106.1173247989505
2022-06-03,86.20325899256544,76.32427058610463,76.59062103929023,105.60598445726102
2022-06-06,86.46572811552716,76.57851864618898,76.65399239543724,106.07471310380974
2022-06-07,87.2951305440862,77.23906507680026,77.265525982256,106.71388853092158
2022-06-08,86.3460421954566,76.68320902387076,75.65589353612167,104.62591546902281
2022-06-09,84.29248377740407,74.62928351887565,73.64385297845374,102.11182545571613
2022-06-10,81.84837130438449,71.99706830859067,70.91888466413181,101.33061104480164
2022-06-13,78.74073688851765,68.64946885081345,66.97718631178707,96.67173237607513
2022-06-14,78.50346480136025,68.77410025281559,67.46831432192648,94.22866185466975
2022-06-15,79.62263314166904,70.49152097240494,68.7040557667934,94.83942948502109
2022-06-16,76.98744314713332,67.64743237871632,64.63244613434725,93.00712659396709
2022-06-17,77.15266662013651,68.46999963193038,65.1615969581749,92.14068879277099
2022-06-21,79.09487418470073,70.19425015234945,67.00887198986058,93.88123165950884
2022-06-22,78.95147558058522,70.09186064558104,66.06463878326994,94.86900308136093
2022-06-23,79.72540628220852,71.13573415361016,65.72243346007605,97.10222542641787
2022-06-24,82.26018749024996,73.5731038757068,68.49176172370088,98.79145771306351
2022-06-27,81.9459758429969,73.03368598639034,68.2636248415716,99.59312727282752
2022-06-28,80.2715862596484,70.80858719295989,66.54309252217998,99.22092354865137
2022-06-29,80.20621336659576,70.8735171240813,65.37072243346007,99.29250118791602
2022-06-30,79.55459323907097,69.99446574889889,64.55323193916348,100.39479683259155
2022-07-01,80.39600563674861,70.45646718187828,62.10076045627376,102.85706762329535
2022-07-05,80.54783945287089,71.66266551771095,62.42712294043092,99.34976329932775
2022-07-06,80.81987504008998,72.12216964564723,62.851711026615966,100.38048130473862
2022-07-07,82.03032796306486,73.6655041623027,65.75411913814955,100.28027260976813
2022-07-08,81.9628462670105,73.75790444889857,66.10899873257286,99.95101546915075
2022-07-11,81.02653773425642,72.18210496668239,64.52471482889732,100.58089869467963
2022-07-12,80.30954471367896,71.48285955460547,64.49936628643852,100.09417074768007
2022-07-13,79.88778411333931,71.3355185570607,65.00950570342204,99.67902043994509
2022-07-14,79.69377423718306,71.59024367146014,66.38149556400506,99.67902043994509
2022-07-15,81.21633000440929,72.8888422938887,68.05766793409379,99.86512230203319
2022-07-18,80.5457306498692,72.27200794823513,67.55386565272497,98.47651610029907
2022-07-19,82.7220153476219,74.49460943662247,70.64005069708492,99.10639932582795
2022-07-20,83.24921609804649,75.67583472202381,72.30354879594422,97.78937076335846
2022-07-21,84.09695490472926,76.76216241578616,73.51711026615969,98.04705026471117
2022-07-22,83.31669779410085,75.41611499753812,71.85361216730038,99.39270988288654
2022-07-25,83.41792033818238,74.98657853011943,71.41001267427121,100.63816080609136
2022-07-26,82.43100053338752,73.51316855467165,70.33269961977184,101.23941297591438
2022-07-27,84.57143558011141,76.61981602832765,73.62484157160962,101.32530614303195
2022-07-28,85.63216348996565,77.3690075412672,74.52471482889733,104.96145021767592
2022-07-29,86.8805748669711,78.77998489063667,75.14575411913815,105.86332847241047
2022-08-01,86.62330090076388,78.73253609481716,75.29784537389098,105.97785269523389
2022-08-02,86.05181528730364,78.49778942076277,75.14258555133078,105.76311977743995
2022-08-03,87.3993404053889,80.63548253768363,76.93916349809885,106.42163405867471
2022-08-04,87.34029392134134,81.01257559919654,77.72179974651456,106.65068250432155
2022-08-05,87.19267771122246,80.3507897627666,77.19264892268693,106.26416325229249
2022-08-08,87.09145516714094,80.09107003828089,75.85868187579214,106.42163405867471
2022-08-09,86.74561147486241,79.18454830762403,72.68377693282635,107.60982287046781
2022-08-10,88.56761726832981,81.3946632707957,75.6273764258555,108.08223528961447
2022-08-11,88.56761726832981,80.93266183781631,75.61153358681877,108.06791976176153
2022-08-12,90.06697620253736,82.50846132003251,77.74714828897338,109.82872968767181
2022-08-15,90.43812553083626,83.1752417665487,78.09885931558934,110.74492347025927
2022-08-16,90.6152649829789,82.9804519731844,77.21799746514573,111.05986508302371
2022-08-17,89.9720800674609,82.03397336183744,75.56083650190114,110.87376322093563
2022-08-18,90.2335716396715,82.23126046024485,76.61596958174904,111.28891352867058
2022-08-19,89.02100991369493,80.62799062255424,74.45817490494296,111.23165141725886
2022-08-22,87.16737207520207,78.50528133589218,71.86311787072242,109.71420546484839
2022-08-23,86.95649177503223,78.44035140477077,72.32889733840304,109.05569118361365
2022-08-24,87.23485377125641,78.66760616369574,72.28136882129277,109.39926385208395
2022-08-25,88.46639472424827,80.05860507272017,74.70849176172369,110.0720936611716
2022-08-26,85.47189446183658,76.77714624604495,70.55449936628644,108.38286137452597
2022-08-29,84.90673525738141,76.02046281797602,69.24588086185044,108.71211851514333
2022-08-30,83.97464433063074,75.17387640835432,68.45373891001266,107.12309492346823
2022-08-31,83.33567702111614,74.73684802580624,67.98795944233206,106.42163405867471
2022-09-01,83.59716859332674,74.76931299136695,66.50190114068441,107.9533955389381
2022-09-02,82.71568893861682,73.7129529581222,65.84917617237008,106.79383778285086
2022-09-06,82.40358609436547,73.18352428897825,65.11406844106463,107.06583281205653
2022-09-07,83.88396580155772,74.6619288745123,66.15335868187577,110.4156663296419
2022-09-08,84.43225458199929,75.04901115619772,67.05006337135613,110.32977316252432
2022-09-09,85.74393004905568,76.68974056953533,68.71356147021547,110.77355452596514
2022-09-12,86.66547696079787,77.60125691027847,68.88466413181243,111.8329035870819
2022-09-13,82.89704599676286,73.34584911678182,64.78453738910012,108.85527379367264
2022-09-14,83.21336644701763,73.92772119183152,65.48795944233206,109.74283652055423
2022-09-15,82.26862270225676,72.69654980556754,64.32192648922687,107.0085707006448
2022-09-16,81.64365742291285,72.25202950789007,64.61026615969581,106.60773592076279
2022-09-19,82.27680021701624,72.81356353066853,65.03485424588084,108.02701027781623
2022-09-20,81.33237986193222,72.23315649616877,64.13498098859314,106.45617995227168
2022-09-21,79.91363179487779,70.93974944083959,63.59949302915081,105.00063992584965
2022-09-22,79.24237338106248,70.06663713463092,61.837769328263605,104.62594645370139
2022-09-23,77.91467929443091,68.92583710130386,60.95373891001267,103.41539831291479
2022-09-26,77.14389676247893,68.64063709297207,60.24397972116602,100.92224559438993
2022-09-27,76.94696606063405,68.66815639202163,60.70025348542458,99.22171368233252
2022-09-28,78.46100317696828,70.03411432666326,61.47338403041824,100.28814894921598
2022-09-29,76.82203152935615,68.01519847820941,59.53738910012672,96.26739976731754
2022-09-30,75.63409471500158,66.86188967258708,58.65652724968314,94.40834369396666
2022-10-03,77.63092968102004,68.43048971841182,60.76045627376424,97.17531087290754
2022-10-04,80.03644879172728,70.58199855319535,63.35868187579214,99.23612496972285
2022-10-05,79.8501057620246,70.5444722363096,63.986058301647645,97.03119799900435
2022-10-06,79.02638486936165,69.98908274640036,63.54879594423319,93.83189219835397
2022-10-07,76.82203152935615,67.32221249305239,59.75918884664131,91.88636840066118
2022-10-10,76.23547449267839,66.64924054356777,57.762991128010135,92.04489256195465
2022-10-11,75.7526766429942,65.73359841155523,55.94106463878326,91.71343295197738
2022-10-12,75.50280758043833,65.7110826214238,55.60519645120405,88.65824002523017
2022-10-13,77.4954074775999,67.25216336819898,57.30671736375158,90.877578283339
2022-10-14,75.72938376428135,65.23074576528607,54.86375158428389,89.56615113082013
2022-10-17,77.67539790401725,67.38475635452866,56.16286438529784,91.43961849156135
2022-10-18,78.58805524267467,67.91763005430644,56.175538656527245,93.11132782883813
2022-10-19,78.03114368799508,67.66995636286043,56.62864385297844,91.9007796880515
2022-10-20,77.37682554960729,67.32471424751145,57.07858048162229,89.58056241821046
2022-10-21,79.25719612206154,68.9033213111724,59.04626108998731,91.23786046809693
2022-10-24,80.22702689028684,69.66135291226473,59.23320659062104,92.00165869978373
2022-10-25,81.50813521949271,71.10236348067788,60.17110266159696,93.84630348574431
2022-10-26,80.89405023524526,69.53126168039411,59.58174904942964,93.80306962357334
2022-10-27,80.46207321184362,68.26537392411448,58.837135614702156,94.55245656786981
2022-10-28,82.3763243351529,70.35433889742177,61.08365019011406,97.1464882981269
2022-10-31,81.7812971607614,69.53626518931219,59.95564005069707,96.23857719253692
2022-11-01,81.42343384235515,68.82576692294182,60.37072243346007,96.61327066468517
2022-11-02,79.38001311891102,66.46661246805708,58.640684410646365,95.67653698431455
2022-11-03,78.56264482953338,65.1682019038098,57.9531051964512,96.09446431863377
2022-11-04,79.6934082143201,66.21643702215201,60.64638783269962,96.68532710163674
2022-11-07,80.45572060855828,66.94444756973574,61.844106463878305,94.84068231567618
2022-11-08,80.8898151663884,67.43228968925064,63.178073510773125,95.50360153563075
2022-11-09,79.22331557120651,65.87619841572113,61.460709759188845,94.75421459133426
2022-11-10,83.57696635607809,70.7371073296565,67.74081115335866,99.22171368233252
2022-11-11,84.38586450774199,72.04052140282188,69.96197718631178,98.11204455327812
2022-11-14,83.668020336501,71.41007927914112,69.2997465145754,96.94473027466245
2022-11-15,84.3816294388851,72.39827229046611,71.4828897338403,98.01116554154589
2022-11-16,83.73789897263948,71.41007927914112,68.91001267427121,98.89025407235525
2022-11-17,83.48167730679833,71.25246874822093,69.4296577946768,97.1608995855172
2022-11-18,83.86071596948898,71.25497050267998,69.55640050697083,99.22171368233252
2022-11-21,83.5557910117937,70.52195644617814,68.33967046894801,99.66846359143236
2022-11-22,84.68020179329505,71.5376687565527,70.32636248415714,100.51872954746105
2022-11-23,85.2138204692618,72.25567228630022,70.93789607097591,101.64280996390579
2022-11-25,85.19476265940587,71.78033893908061,70.10456273764257,102.23367274690878
2022-11-28,83.83530555634772,70.72710031182028,68.45057034220531,101.18164876741564
2022-11-29,83.69131321521382,70.19172485758345,68.2636248415716,100.43226182311916
2022-11-30,86.327643578621,73.39146881070921,72.15779467680608,102.93982582903433
2022-12-01,86.2641175457678,73.48153197123504,71.92648922686945,102.85335810469243
2022-12-02,86.16459342763116,73.18882669952612,70.93789607097591,102.36337433342163
2022-12-05,84.61455822601344,71.96046526013225,70.09188846641318,101.78692283780896
2022-12-06,83.39485839523229,70.46941960253808,68.5551330798479,102.4210194829829
2022-12-07,83.25298358852686,70.18171783974725,68.53929024081114,101.94544699910243
2022-12-08,83.9051841924862,71.01230032015208,70.28517110266156,102.60836621905703
2022-12-09,83.27839400166812,70.55948276306391,69.7211660329531,102.07514858561531
2022-12-12,84.47903602259332,71.44510384156781,70.96324461343472,104.40977714284666
2022-12-13,85.11853141998203,72.21314246049636,72.14512040557668,104.72682546543362
2022-12-14,84.57432507187309,71.67776700625953,70.90304182509504,104.59712387892077
2022-12-15,82.50549393528772,69.27107921665284,68.20342205323192,103.32893058857289
2022-12-16,81.5359596218824,68.61061603946347,67.67427122940431,101.57075352695423
2022-12-19,80.84456225508845,67.6487940218913,66.88244613434726,101.1704670495295
2022-12-20,80.9551858337755,67.59612952978902,66.5555336604301,101.19952649719562
2022-12-21,82.16566306979321,68.5766922160748,68.04266491432782,102.6089097090015
2022-12-22,80.99347861101332,66.89895196767276,65.22224357072872,101.98413158418033
2022-12-23,81.45937406740678,67.04942194510792,65.21583352222054,103.03027170015996
2022-12-27,81.13814021391173,66.1014610872664,64.04920469373184,103.66957954881416
2022-12-28,80.12976374664916,65.22873521814248,63.23512853319303,102.68155832816674
2022-12-29,81.57212502260703,66.81870131304068,65.29916415282689,103.42257424365233
2022-12-30,81.35725999477259,66.77857598572464,65.04276221249968,102.4345530230049
2023-01-03,81.01475237614544,66.32716605341915,64.54277842886167,102.4345530230049
2023-01-04,81.64020107102981,66.64315300603299,66.18375084695569,103.36445534832012
2023-01-05,80.70841015824287,65.59989449581587,64.99789187294245,101.12687787803036
2023-01-06,82.55922772473747,67.41054989095231,67.84074838632014,103.16103921465741
2023-01-09,82.5124254414468,67.84691282551428,69.31826456745557,103.85846595864385
2023-01-10,83.09107185304049,68.42120657272515,70.21887638285483,103.88752540630993
2023-01-11,84.1419958505673,69.60490372854842,71.04256761615589,104.73024938862683
2023-01-12,84.44833806846985,69.98107867213633,72.10663566851375,104.0182929208074
2023-01-13,84.77595405150451,70.46258259992885,72.36624263309503,103.64052010114808
2023-01-17,84.62065556604003,70.60552907849225,72.79571588314307,103.49522286281758
2023-01-18,83.2846631157428,69.68766221613775,72.34060243906231,101.01064008736596
2023-01-19,82.67836080947733,69.00302381880778,70.57142905080471,99.99355941905243
2023-01-20,84.21858140504294,70.89142203561904,72.86622641673303,100.58927809620751
2023-01-23,85.22908524881872,72.46634113277374,76.30201241711738,100.61833754387361
2023-01-24,85.13760805875059,72.31837898829583,75.76036331817619,101.12687787803036
2023-01-25,85.16951870644878,72.15787767903166,75.83728390027434,99.76108383772363
2023-01-26,86.10556437226214,73.56477196805041,77.19621418400845,100.0952674858838
2023-01-27,86.30341038799085,74.29705919156821,76.68982035186225,100.0952674858838
2023-01-30,85.22057574276586,72.79486725017384,74.85334145426877,99.64484604705922
2023-01-31,86.47360050904784,73.88577458657876,75.99112506447067,100.38586196254481
2023-02-01,87.39262716275547,75.46570934964795,79.57434218054311,100.56021864854138
2023-02-02,88.66479831765635,78.17416894348088,81.27460754733781,100.77816450603716
2023-02-03,87.72237052230338,76.78482948516287,79.78266875705897,98.67135455024486
2023-02-06,87.1862716409739,76.13530074923442,78.45578871586576,99.51407853256177
2023-02-07,88.3265454520556,77.71272767934636,80.8114815426218,99.47048936106262
2023-02-08,87.36071651505729,76.33091171990014,79.22819956110142,97.79957112026185
2023-02-09,86.60337047635377,75.65630465439915,79.54229193800224,96.4628365276212
2023-02-10,86.80547124510893,75.15975372886312,78.20579682404676,98.38076007358384
2023-02-13,87.82448459493754,76.36351354834443,79.38204072529774,98.9764787507389
2023-02-14,87.78406444118652,76.92777596372628,81.09031865272765,98.55511675958046
2023-02-15,88.06913289395695,77.51711670868067,81.08711362847355,99.19442460823467
2023-02-16,86.85652828142602,76.0625735934741,78.88526196591381,98.43887896891604
2023-02-17,86.63953587707837,75.52589734062202,77.80837381653961,99.49954880872873
2023-02-21,84.90146926578404,73.73781244210085,75.44306591702129,97.63974415809828
2023-02-22,84.78446355755739,73.7929847671604,75.07448812780098,97.26197133843897
2023-02-23,85.23546737835836,74.43749783717436,77.73465825869555,96.75343100428222
2023-02-24,84.32495023070355,73.19110485741977,76.34688275667465,96.7824904519483
2023-02-27,84.6121460599872,73.71524194548557,76.68982035186225,96.12865287946104
2023-02-28,84.299421712545,73.61994429310998,76.72828064291133,94.44320491482722
2023-03-01,83.97606048253677,73.02809571519835,76.77956103097678,92.88852446469082
2023-03-02,84.62916507209289,73.63248345789626,77.45902617284383,94.64662104848992
2023-03-03,85.98643128752224,75.15473806294862,78.51027412818529,96.25942039395851
2023-03-06,86.04599782989219,75.2400043834952,77.8115788407937,96.7243715566161
2023-03-07,84.72702439170065,74.31712185522622,76.94301726793535,95.14063165881363
2023-03-08,84.86530386505945,74.68828113289963,78.9557724995038,95.86711785046616
2023-03-09,83.29955475133528,73.39423932695725,77.44300105157338,95.09704248731447
2023-03-10,82.09758702137043,72.36351998152638,76.18983656822422,93.60048093251028
2023-03-13,81.98058131314376,72.90019623437844,76.13855618015882,95.03892359198227
2023-03-14,83.3357201520599,74.57542864982325,78.4173284248167,96.28847984162459
2023-03-15,82.8145129063229,74.96665059115467,77.53594675494197,97.59615498659913
2023-03-16,84.26751106484681,76.94282296146979,80.63841023290097,98.24999255908641
2023-03-17,83.28598294013162,76.57918718266816,80.22816712837746,97.30556050993812
2023-03-20,84.08683023371734,76.85059238880092,81.03583324040811,98.06073709427136
2023-03-21,85.19093170247419,77.9482068240039,81.29223518073529,96.08488642147637
2023-03-22,83.73872861010541,76.88826794149668,80.76981622731864,94.1968513341389
2023-03-23,83.96510144509232,77.80001631673395,82.91718247755885,93.23087989410577
2023-03-24,84.51608438307927,78.08635051722167,81.60632755763609,96.14343014511473
2023-03-27,84.67411824901352,77.55135766894196,80.65443535417143,96.26051759239147
2023-03-28,84.48405049133585,77.13943829280171,80.09355610970569,96.52396434876414
2023-03-29,85.71201634150061,78.5459922601099,82.58706497938759,97.92901371608504
2023-03-30,86.213880645481,79.28945649997279,83.76971892914676,98.35345571246324
2023-03-31,87.42903293894838,80.60810084432421,84.35303334339113,99.07061632703329
2023-04-03,87.76218541308005,80.41218797030628,83.87227970527762,98.397363505192
2023-04-04,87.27527025857994,80.14092399089685,82.58385995513352,98.89498515611815
2023-04-05,87.04676183081014,79.349737384286,81.13839401653898,101.45627306529688
2023-04-06,87.38632108329048,79.88473023256572,80.89481217322815,102.17343367986695
2023-04-10,87.47601598017208,79.83951956933082,82.11913143829048,101.96853064713264
2023-04-11,87.49950750078393,79.32713205266853,81.68324813973426,102.0563462325902
2023-04-12,87.14286350604043,78.6263667725275,80.23137215263155,101.95389471622305
2023-04-13,88.30035479436965,80.16604102602736,80.8787870519577,101.96853064713264
2023-04-14,88.08465992329722,80.01533881524433,80.79225139709727,100.82692803618441
2023-04-17,88.40072765516574,80.08315481009667,80.73456096052367,101.38309341074893
2023-04-18,88.4583886603039,80.0881782171228,81.09672870123582,100.85619989800358
2023-04-19,88.44343951082362,80.05050266442704,80.32752288025425,101.631904236212
2023-04-20,87.9607955418893,79.4401587107558,80.41726355936876,101.60263237439283
2023-04-21,88.02913451094194,79.52304492668647,79.59357232606767,101.89535099258467
2023-04-24,88.12096500060645,79.35727249482515,79.16730410027372,102.40760857442042
2023-04-25,86.72215172781007,77.86029720104716,76.65777010932136,102.3051570580533
2023-04-26,86.35482976915209,78.33249746150062,77.19300915975435,99.90486438888007
2023-04-27,88.07398195938275,80.46242204056729,77.9397798109573,101.10501072346668
2023-04-28,88.82571061896186,81.01750851695141,79.24422468237188,100.95865141437075
2023-05-01,88.73601572208028,80.92457548696855,79.84997426639485,101.13428258528585
2023-05-02,87.73869389246819,80.2187867998014,79.15768902751145,99.90486438888007
2023-05-03,87.13645672769174,79.6938407655739,78.34040784271853,99.62678170159779
2023-05-04,86.51927041343502,79.41252997211225,78.07759585388318,100.38785010889663
2023-05-05,88.12096500060645,81.10039473288208,79.72818334473945,101.0318310689187
2023-05-08,88.1444565212183,81.3013310139261,80.17047669180386,100.72447651981724
2023-05-09,87.75791422751425,80.78643179375078,78.93333732972516,100.59275314163092
2023-05-10,88.16794804183016,81.66552802331839,79.57434218054311,101.51481678893526
2023-05-11,88.01418536146168,81.93176859570174,78.86923684464335,100.47566569435419
2023-05-12,87.89886335118534,81.63789928467484,78.77949616552885,101.0318310689187
2023-05-15,88.20211752635647,82.07995910297171,80.84353178516272,99.75850507978413
2023-05-16,87.61269391827737,82.17289213295457,80.82430163963818,97.54847951243565
2023-05-17,88.67621912415922,83.1675267241225,83.01012818092748,97.1972171706054
2023-05-18,89.53045623731732,84.71222438464845,85.92029020364106,96.90449855241353
2023-05-19,89.40018507756069,84.52133491765662,85.44594661403576,96.75813924331761
2023-05-22,89.43649015486993,84.8051574146313,85.37543608044578,96.78741110513681
2023-05-23,88.43276154690916,83.73014831104577,84.14470676687529,96.45078469421618
2023-05-24,87.79208371204057,83.30064701031415,82.9075674047966,95.82143966510368
2023-05-25,88.55235474275128,85.32759174534579,90.03554134589244,94.53347774505954
2023-05-26,89.69916806716604,87.50775039467347,94.45847481653647,94.53347774505954
2023-05-30,89.73333755169236,87.90459954973544,94.9135882606172,94.16757947231973
2023-05-31,89.23574443327777,87.4047705506384,92.51623011855801,95.03109939598569
2023-06-01,90.08357476808717,88.41447536288464,93.90721064483301,94.32857471232523
2023-06-02,91.38628636565328,89.0775650903299,93.67644889853852,95.30918208326796
2023-06-05,91.21116775745587,89.14035767815618,92.50341002154164,95.76289594146532
2023-06-06,91.40977788626513,89.12528745707786,93.15723496937598,95.68971628691735
2023-06-07,91.09371015439663,87.61324194222158,92.62520094319706,97.31430461788213
2023-06-08,91.64469309238359,88.70080956337236,93.69567904406306,97.73874661426034
2023-06-09,91.80913373666652,89.03988953763415,94.12515229411112,97.16794530878622
2023-06-12,92.64201492199568,90.54439994195131,96.9071133466611,96.9923141378711
2023-06-13,93.25279445790372,91.24014181506624,98.24681348487069,96.97767820696151
2023-06-14,93.36384528261428,91.90323154251153,99.74035478727652,96.91913448332316
2023-06-15,94.52133657094349,92.99833427420148,99.02242935436041,97.97292150881381
2023-06-16,94.20064891120776,92.41310735566077,98.31732401846065,98.49981502155916
2023-06-20,93.71191847039961,92.28097919235672,97.97118139901896,97.35323326691551
2023-06-21,93.23176224785125,91.02340247946007,95.72766442115604,98.13524620464611
2023-06-22,93.5683003145481,92.09737299227383,96.20200801076136,97.382743189094
2023-06-23,92.86092730811522,91.18437229871085,94.5674456411755,95.95151196343612
2023-06-26,92.48151815011943,89.96200773377531,94.13156234261928,96.89582947314855
2023-06-27,93.49541945933986,91.50882709063818,97.11864494743104,96.92533939532704
2023-06-28,93.5425776597687,91.68740298386952,96.24046830181042,95.49410816966915
2023-06-29,93.91126904493977,91.50379678378658,96.09944723463046,95.49410816966915
2023-06-30,95.01948675501794,92.91479785565664,97.59298853703635,96.55646536809563
2023-07-03,95.12880803783028,93.13361620370065,98.4583450856406,97.27945846146922
2023-07-05,94.98733343654371,93.13110105027486,96.59943101826848,98.38608054316346
2023-07-06,94.24352000250673,92.42182778420116,95.45203233530431,97.19092869493367
2023-07-07,94.00558544579751,92.11497906625438,95.54177301441882,96.48269056264935
2023-07-10,94.24352000250673,92.1451609073639,96.89429324964476,96.06955165215015
2023-07-11,94.84371528069218,92.60040367743248,96.99685402577563,97.26470350037997
2023-07-12,95.6068207058137,93.76995002042638,99.03524945137679,98.68117976494858
2023-07-13,96.36563902180532,95.36204213895353,101.41337744791147,99.02054387000149
2023-07-14,96.30561949398677,95.3419209115472,100.57366109333992,98.63691488168082
2023-07-17,96.64001400611866,96.23228522427803,102.4453952577284,97.50078287780806
2023-07-18,97.35810478537627,97.01952824655133,102.72743739208829,96.74827986225596
2023-07-19,97.57460379643602,96.99689186571919,101.65054924271412,97.73686225523615
2023-07-20,96.92725031782172,94.76092047018895,98.05451202962527,99.52221254703623
2023-07-21,96.92725031782172,94.4767081330743,98.58013600729603,101.01246361705114
2023-07-24,97.36024833994122,94.62761733862189,98.66346663790235,100.74687431744452
2023-07-25,97.62604910599478,95.26898146219918,100.24674861942273,100.92393385051561
2023-07-26,97.6410539879494,94.95207213054921,99.15063032452403,100.92393385051561
2023-07-27,96.9937005093351,94.72570832222783,100.932623809798,99.13858355871554
2023-07-28,97.9432951816071,96.45110357232204,102.88127855628463,98.91725914237671
2023-07-31,98.12978442875757,96.50140664083791,102.95819913838278,98.96152402564445
2023-08-01,97.84897878074939,96.2775579859423,102.90050870180916,97.75161721632543
2023-08-02,96.48782163200735,94.16482910827591,99.12499013049128,97.75161721632543
2023-08-03,96.21130309312906,94.01391990272832,98.8365379476232,95.52361809184765
2023-08-04,95.7761615164446,93.5737680532145,98.87499823867229,94.41699601015341
2023-08-07,96.61214779677434,94.36604138233939,99.93906629103012,94.40224104906416
2023-08-08,96.19201110204453,93.56370743951133,98.29168382442795,94.84488988174186
2023-08-09,95.54894473256012,92.53500968836187,96.34302907794131,95.05145933699144
2023-08-10,95.58324160559927,92.7060401213158,96.13149747717137,94.75636011520632
2023-08-11,95.5275091869106,92.11497906625438,93.72131923809579,95.27278375333029
2023-08-14,96.05482360988786,93.14870712425542,96.57379082423576,94.52028073777822
2023-08-15,94.93588812698498,92.16025182791866,95.41357204425525,92.98576478449553
2023-08-16,94.23923289337684,91.18437229871085,93.90721064483301,93.3989036949947
2023-08-17,93.52114211411923,90.18837154209669,93.2726158425232,93.1923342397451
2023-08-18,93.56615675998314,90.07518963793598,93.67003885003037,93.67924795569058
2023-08-21,94.17492625642838,91.52643316461872,96.8173726675466,93.08904951212033
2023-08-22,93.91984326319957,91.3956451864775,95.84945534281147,93.35463881172694
2023-08-23,94.96589789089423,92.83682809945705,97.92631105946171,93.72351283895836
2023-08-24,93.64975538801612,90.85237204650613,95.39434189873069,93.17757927865586
2023-08-25,94.30997019402014,91.55661500572825,95.56741320845155,93.88581741094019
2023-08-28,94.90802191764062,92.2457670443956,96.74686213395661,93.87106244985092
2023-08-29,96.27989683920738,94.26040493845608,99.22755090662217,94.22518151599307
2023-08-30,96.6764544337228,94.78607200444688,99.73394473876837,93.79728764440465
2023-08-31,96.5349798324362,95.07028434156152,100.1377777947837,92.89723501795999
2023-09-01,96.71503841589185,94.96967820452977,100.13136774627552,92.42507626310378
2023-09-05,96.29704527572699,95.09040556896787,100.36853954107818,91.00859999853512
2023-09-06,95.64969179711267,94.25285947817869,99.20191071258944,91.21516945378471
2023-09-07,95.35602482171478,93.57879836006609,97.00326407428382,92.41032130201451
2023-09-08,95.4996429775663,93.70958633820734,96.39430946600673,93.22184416192361
2023-09-11,96.12770446509607,94.81373869213061,96.46481999959671,93.6054731502443
2023-09-12,95.60039004211886,93.76240456014898,95.74048451817241,93.72351283895836
2023-09-13,95.71185487949616,94.11955634661163,96.51610038766214,94.84488988174186
2023-09-14,96.53712338700117,94.8891932949044,97.04172436533288,96.23185622413199
2023-09-15,95.37813965980587,93.26440418184193,94.10592214858659,95.81871731363279
2023-09-18,95.43407108572904,93.3622059228039,94.42001452548739,95.74729592448026
2023-09-19,95.23615988630864,93.16321994460552,93.60593836494856,95.22668766638536
2023-09-20,94.36061794974232,91.82069429422903,92.06752672298542,95.3159347963445
2023-09-21,92.80099164996203,90.13812931401986,90.22784280113784,94.31934184513428
2023-09-22,92.59232440709485,90.15072336327293,90.9970486221194,94.14084758521602
2023-09-25,92.9816931798676,90.57892103787707,91.63805347293739,94.00697689027733
2023-09-26,91.61567566212898,89.21876371854628,90.18938251008875,91.19569229656493
2023-09-27,91.65224620984797,89.42782493614713,91.01627876764395,89.44049874070215
2023-09-28,92.18359475611794,90.17591146177905,92.49058992452527,87.50681092492114
2023-09-29,91.95986905242532,90.24140051789497,92.93288327158969,87.65555614151968
2023-10-02,91.92329850470634,90.99452466322812,93.73413933511215,83.57993720671966
2023-10-03,90.69280713439692,89.39759921793978,91.65087356995375,84.5467811146102
2023-10-04,91.35322820202802,90.61418437578563,93.08031438727782,84.45753398465106
2023-10-05,91.31880886299838,90.3471905316207,93.08031438727782,83.9666747698759
2023-10-06,92.40301804243187,91.86099525183883,95.09306961884626,85.15663650266421
2023-10-09,92.99460043200372,92.32949388405277,94.84948777553542,86.00448423727589
2023-10-10,93.47862238710793,92.8408122837271,96.0225266525323,87.17957144840435
2023-10-11,93.86153753381264,93.5032592744382,97.06095451085741,88.59265100609048
2023-10-12,93.28931602244495,93.1783328037092,97.55452824598726,87.22419501338392
2023-10-13,92.82465494554489,92.00708622317435,95.11229976437079,88.20591344293427
2023-10-16,93.80130369051076,93.04735469147734,96.20841805926952,89.11325926418536
2023-10-17,93.79700127313205,92.7425786995532,95.07383947332171,88.8752669176277
2023-10-18,92.54714902461845,91.52599354170738,93.17005506639234,88.1017917913153
2023-10-19,91.73399214004336,90.66959819249912,92.53546026408254,87.22419501338392
2023-10-20,90.60675878682282,89.31699730272018,91.08678930123394,86.3168491921328
2023-10-23,90.44972055250012,89.58650995673572,91.40729172664291,85.58799763079998
2023-10-24,91.13165370702475,90.45801816504765,92.47776982750892,87.78942683645836
2023-10-25,89.82371882389863,88.24398430635924,88.89455271143646,88.28028605123353
2023-10-26,88.74811447922258,86.56141932615007,88.11252679343853,89.0388866558861
2023-10-27,88.34583845431374,86.97702295150116,88.6573809166338,87.35806570832258
2023-10-30,89.40208192078563,87.95683998338941,88.43302921884752,88.02741918301602
2023-10-31,89.96354738870654,88.37748122844171,89.06762402115731,88.78601978766858
2023-11-01,90.9229864641576,89.91143642746474,91.28550080498748,89.79748726053865
2023-11-02,92.66546550253283,91.54362521066166,93.6508087045058,91.47830820810216
2023-11-03,93.51089051744822,92.6191570168732,95.8366352457951,92.01379098785688
2023-11-06,93.72601138638342,92.99697849446508,96.11867738015499,91.77579864129923
2023-11-07,93.9927612638631,93.87604313232885,96.7212219399239,91.1064451666058
2023-11-08,94.06159994192237,93.93649456874354,97.0673645593656,90.43709169191237
2023-11-09,93.32803777885329,93.21359614161776,96.89429324964476,89.24712995912405
2023-11-10,94.78440606154469,95.30924593732739,100.81724293665076,89.72311465223939
2023-11-13,94.6940552965919,95.0120263749551,100.20187827986548,88.6521490927299
2023-11-14,96.53118751729863,97.05729997365246,103.25947141826724,92.19228524777515
2023-11-15,96.73555234278709,97.13034545932024,103.33639200036538,91.90966933623793
2023-11-16,96.85386882070145,97.21346618439044,103.72099491085616,92.40052855101311
2023-11-17,96.97433650730517,97.23613547304596,104.20815859747782,92.65339541923062
2023-11-20,97.72080592251034,98.41997610283386,105.7016998998837,92.3707795076934
2023-11-21,97.5078362622645,97.84820626674481,104.14405811239602,92.56414828927151
2023-11-22,97.88429778290111,98.24869703299223,103.91970641460973,93.01038393906711
2023-11-24,97.94453162620299,98.1101624912085,103.68894466831524,93.24837628562479
2023-11-27,97.76813251367612,98.02452295628768,103.62484418323346,93.39712150222333
2023-11-28,97.86493690469696,98.28144156105017,103.02870967197275,93.6946119354204
2023-11-29,97.7960982266377,98.18572678672689,103.97739685118336,92.9508858524277
2023-11-30,98.18116458203171,97.93888342136685,102.86845845926825,93.35249793724377
2023-12-01,98.76199092815679,98.21847131478484,103.28511161229994,94.49783610505251
2023-12-04,98.24354963402294,97.30666214886311,101.77875021287771,94.12597306355615
2023-12-05,98.22418875581877,97.55098670437253,101.77875021287771,93.45661958886274
2023-12-06,97.82836635697797,96.98677329783533,100.95826400383069,94.70607940829048
2023-12-07,98.57483577218314,98.34189299746487,103.2658814667754,94.49783610505251
2023-12-08,98.99862388398553,98.78016591147144,104.1504681609042,94.31934184513428
2023-12-11,99.38369023937956,99.62396721142663,106.6503870790943,94.92919723318829
2023-12-12,99.83759527283287,100.41739231436958,107.77855561653392,94.54245967003207
2023-12-13,101.21436883401825,101.69442890863014,109.0477452211535,98.11234486839703
2023-12-14,101.5392013461104,101.60627056385869,111.06050045272195,96.83313600564959
2023-12-15,101.37271349737799,102.09743848472816,111.5861244303927,95.1523150580861
2023-12-18,101.94293906069822,102.73929672372033,111.78015659873529,94.93986821502706
2023-12-19,102.56284336627738,103.26424940423851,112.15417581430738,95.48040834720182
2023-12-20,101.14159934860805,101.72977233810846,109.03304994642993,93.54347287357562
2023-12-21,102.10061506873751,102.91343968023838,111.728567741415,93.70863791396233
2023-12-22,102.30580987372015,103.0673921490442,111.74146495574509,94.02395299106429
2023-12-26,102.73779893684153,103.69834489005162,113.28268206818866,94.59452313058208
2023-12-27,102.92355423398375,103.90929510566909,113.4052056043244,94.534463115896
2023-12-28,102.96243324966468,103.85879241059949,113.37941117566425,95.21013828111444
2023-12-29,102.6643607961109,103.4093184244802,112.76679349498582,95.09001825174226
2024-01-02,102.08981534215947,101.65940004031911,108.96211526761454,96.4713985895222
2024-01-03,101.25607645033521,100.58369263533699,107.0275331181037,96.83175867763869
2024-01-04,100.92992470767857,100.06604001087375,106.3955696159302,96.5314586042083
2024-01-05,101.06816120787742,100.18472134428725,107.0984677969191,96.89181869232478
2024-01-08,102.51100467870283,102.2553318421402,110.89024880996034,97.59752386488628
2024-01-09,102.35548861597913,102.45734262241855,111.18688473955196,96.80172867029566
2024-01-10,102.93435396056178,103.15175467962531,111.29006245419255,96.78671366662412
2024-01-11,102.88899510893403,103.36639113367107,111.92202595636607,94.534463115896
2024-01-12,102.96027330434904,103.41941896349414,111.52866091929889,95.07500324807074
2024-01-16,102.58228287411785,103.4093184244802,113.3020278896838,94.03896799473581
2024-01-17,102.01205731079763,102.82601229642651,112.61847553018997,92.6726026606274
2024-01-18,102.91923434335251,104.2855401839375,116.27483579276544,91.68161241830703
2024-01-19,104.20224186082302,106.35362554703696,120.70502891514522,91.56149238893485
2024-01-22,104.42255628301491,106.49250795847833,121.26605773850336,91.09602727511769
2024-01-23,104.72710857251549,106.93440654033716,121.88512402634684,91.26119231550442
2024-01-24,104.84158567424267,107.52781320740478,124.05185603379893,90.01494701076818
2024-01-25,105.41181123756286,107.65912021458571,124.05185603379893,91.63656740729246
2024-01-26,105.27789462799525,107.01773598720197,121.40792709613416,91.90683747337982
2024-01-29,106.11163351981949,108.11364447021194,122.8330692796071,92.49242261656916
2024-01-30,106.02955559782644,107.39398106547038,121.61428252541532,92.4623926092261
2024-01-31,104.29943940002532,105.29054381582222,119.8602613765255,92.26719756149633
2024-02-01,105.66452483948888,106.5303849797805,120.95652459458161,94.02395299106429
2024-02-02,106.77689667702643,108.33080605901118,123.31026620981979,92.32725757618242
2024-02-05,106.38810652021719,108.18939851281633,125.71559668237822,90.40533710622773
2024-02-06,106.69697870034898,107.97223692401712,124.29045449890529,90.73566718700121
2024-02-07,107.58687617037901,109.08329621554796,126.79896268610428,90.79572720168728
2024-02-08,107.63439496732236,109.2853069958263,128.6045726923144,90.15008204381186
2024-02-09,108.25645921821713,110.36101440080844,131.45485705926035,90.49542712825686
2024-02-12,108.20894042127378,109.9292163579635,130.94541709322252,91.54647738526333
2024-02-13,106.71857815350502,108.21464986035113,128.52074079916895,90.0299620144397
2024-02-14,107.68839360021254,109.39388779022592,131.10018366518338,90.5254571355999
2024-02-15,108.4314147887813,109.71963017342473,130.66167837796092,92.0419725064235
2024-02-16,107.89142845987958,108.72472708055392,130.1006495546028,91.93686748072285
2024-02-20,107.29744349808767,107.90405828567317,127.54055251008343,91.87680746603678
2024-02-21,107.39464103728999,107.47226024282824,126.72157940012386,93.09302276342999
2024-02-22,109.61722476704948,110.61857814566332,135.37561021560225,92.37230258719698
2024-02-23,109.69282285309572,110.29283576246449,134.53084267698256,93.03296274874391
2024-02-26,109.29107302439283,110.23475766313449,135.6464517165338,91.20113230081834
2024-02-27,109.49410788405989,110.49989681224982,135.25308667946658,92.92785772304325
2024-02-28,109.34939154791422,109.91154041468914,133.7505612100132,93.21314279280215
2024-02-29,109.74250159535467,110.85341567773689,136.67822886293956,93.24317280014519
2024-03-01,110.77279551089916,112.52252974978664,142.21758241770556,92.6726026606274
2024-03-04,110.65399851854077,112.12103332398344,144.50683796129337,94.23416304246557
2024-03-05,109.54810651695006,110.10850092546053,142.294965703686,93.9638929763782
2024-03-06,110.10321246306104,110.80038784791384,145.96422318059152,94.86479319666945
2024-03-07,111.1961447927581,112.48212759373097,151.0070339836497,95.48040834720182
2024-03-08,110.52872169023559,110.85846594724383,145.0872126061466,95.72064840594615
2024-03-11,110.43368409634888,110.44686898242672,142.50132113296715,96.20112852343483
2024-03-12,111.62165401993266,112.03012847285821,147.00889754132734,95.27019829580054
2024-03-13,111.44669844936853,111.1690575219218,144.10057570989608,95.91584345367593
2024-03-14,111.22638402717661,110.88876756428557,141.52113284388167,95.15007826642835
2024-03-15,110.46498969576969,109.57064722296944,140.47645848314585,95.28521329947205
2024-03-18,111.1215005303188,110.61439904764632,140.7601971984074,95.71998023828274
2024-03-19,111.73901072123137,110.88999952072378,140.45066405448569,96.56772954926551
2024-03-20,112.77252777760077,112.20479076843287,142.70122795508325,96.6888365936916
2024-03-21,113.14520059457257,112.73576415693076,145.93842875193135,96.53745278815899
2024-03-22,112.93069705457137,112.86471483699452,146.79609350488116,96.67369821313835
2024-03-25,112.61869190547868,112.455106794439,146.43497150363916,97.12784962973623
2024-03-26,112.41068847275025,112.09101075661188,145.07431539181653,96.02274784934802
2024-03-27,113.35537072972524,112.47280590738893,145.02272653449623,98.7022412072756
2024-03-28,113.33370370548272,112.26547344140405,145.0872126061466,99.38346833217246
2024-04-01,113.13653378487552,112.50314724387452,146.98955171983226,98.77793311004191
2024-04-02,112.41718858002304,111.53222447633553,145.1001098204767,98.9444552961278
2024-04-03,112.54069061820553,111.78254050234169,145.68048446532993,98.55085740174297
2024-04-04,111.16700128122817,110.07331188031989,141.7984229519782,98.35405845455055
2024-04-05,112.32835378062858,111.37040401507905,143.5717899223631,98.64168768506255
2024-04-08,112.39118815093197,111.40327379627176,143.84263142329465,99.29263804885287
2024-04-09,112.52119029638726,111.81541028353442,144.5132865684584,99.83761974877035
2024-04-10,111.39450503577488,110.83943062658116,143.25580817127636,98.1269827462516
2024-04-11,112.23518557638565,112.6093419215741,146.58328946843497,97.93018379905918
2024-04-12,110.68599334304365,110.81414617950979,142.30786291801607,97.18840315194929
2024-04-15,109.29930379152073,108.99113754566706,140.1669253392241,96.29523869930676
2024-04-16,109.0999671684893,109.00125132449558,141.32767462893057,95.02361473283267
2024-04-17,108.45428984606147,107.67128940854371,136.96841618536618,97.00674258531014
2024-04-18,108.23111949636323,107.05687734471046,134.53729128414759,97.5517242852276
2024-04-19,107.28643723938826,104.8419597812621,128.46270333468362,99.05042396000067
2024-04-22,108.27445354484834,105.89632122413649,130.91962266456235,99.95872679319645
2024-04-23,109.55930808243127,107.4765991660945,134.0020568894496,100.4280165903476
2024-04-24,109.50730722424916,107.84069520392164,134.15682346141045,101.03355181247811
2024-04-25,109.0913003587923,107.31983559425227,136.83944404206548,101.30604266243685
2024-04-26,110.12481741516171,108.97596687742426,140.3474863398451,100.20094088204866
2024-04-29,110.51482385152754,109.41844470117249,140.82468327005776,101.56339513184234
2024-04-30,108.76412829272985,107.35523382015212,138.05823079625728,101.03355181247811
2024-05-01,108.41095579757638,106.57900129506237,134.03429992527478,102.1992071150794
2024-05-02,109.42497253212748,107.9393045474998,136.72981772025983,102.74418881499686
2024-05-03,110.78132824971084,110.10871010621977,140.40552380433041,103.56166136487306
2024-05-06,111.92534712971725,111.31477823152211,143.59113574385822,104.0915046842373
2024-05-07,112.04884916789975,111.33247734447204,142.34010595384123,105.27229836739181
2024-05-08,112.05968268002104,111.2667377820866,142.7721626338987,106.37740014778001
2024-05-09,112.70536000244887,111.50946847397132,141.8564604164635,107.99720686697917
2024-05-10,112.85052906487394,111.77242672351314,143.99739799525554,107.89123820310631
2024-05-13,112.86569598184371,112.03032808364071,143.97160356659532,107.89123820310631
2024-05-14,113.38353786124055,112.75093482517353,146.43497150363916,108.17886743361832
2024-05-15,114.7875610321575,114.51326078604512,150.83292159019376,109.79867415281748
2024-05-16,114.55139046791378,114.2806438729889,149.7366583721376,109.4202146389859
2024-05-17,114.71605985215712,114.22501808943197,148.47917997495557,109.51104492230549
2024-05-20,114.84822870003663,115.02147817217882,151.54226837834776,109.3293843556663
2024-05-21,115.12990001518973,115.24650975111363,151.3294643419015,110.31337909162843
2024-05-22,114.79839454427878,115.22375374874943,152.56759691758847,109.01147836404779
2024-05-23,113.95988070609228,114.70542258378721,154.6504970318951,107.1645959365497
2024-05-24,114.71389314973287,115.7901253631472,157.51367861317112,108.23942095583138
2024-05-28,114.79406113943027,116.22754629748117,161.10555280409622,108.13345229195853
2024-05-29,113.99021454003183,115.40833021237013,158.41003500911114,106.74072128105834
2024-05-30,113.23403539396699,114.1719207505822,156.23040578732895,108.17886743361832
2024-05-31,114.26538574791215,113.95953139518302,155.07610510478747,110.08630338332948
2024-06-03,114.35855395215508,114.57141501430917,157.0106872542983,108.82981779740865
2024-06-04,114.48638939518612,114.88494215799363,156.44320982377513,108.78440265574883
2024-06-05,115.84707851761796,117.2009975097273,164.05901488568273,108.16372905306507
2024-06-06,115.84491181519371,117.16054239441317,162.76929345267556,107.04348889212358
2024-06-07,115.70407615761718,117.05687616142075,162.64032130937483,105.87783358952234
2024-06-10,116.06158205761916,117.52969532165457,164.99406292461302,107.24028783931601
2024-06-11,116.34108667034802,118.33626918322993,164.74901585234159,106.58933747552568
2024-06-12,117.29660243944427,119.88620578870234,169.65640590493402,105.89297197007559
2024-06-13,117.53277300368802,120.53601607843548,172.3132320569289,106.1351860589278
2024-06-14,117.60427418368842,121.16054192109729,172.75173734415134,105.87783358952234
2024-06-17,118.54028963096637,122.64473896418427,175.71164803290293,104.71217828692107
2024-06-18,118.84146126793777,122.68266563479125,178.47165189953836,104.75759342858088
2024-06-20,118.51862260672384,121.73702731432357,173.41594388215012,105.66589626177664
2024-06-21,118.36024185959663,121.41085794710344,170.81715519464055,105.04522265909286
2024-06-24,117.97549662426306,120.030706403715,164.94247406729266,106.41535963701729
2024-06-25,118.42980032022191,121.40332525068129,168.80518975914924,105.40827421458495
2024-06-26,118.57761204905064,121.65404345335594,168.2506095429562,104.96576698351623
2024-06-27,118.76455041198106,121.96807433347368,166.9286450741238,105.14887342395843
2024-06-28,118.29720450465499,121.33494755904275,168.11518879249044,103.97394043112072
2024-07-01,118.54065911684346,122.04658205350313,168.31509561460655,103.2567735393886
2024-07-02,119.33840771213961,123.32803064495134,170.004630691846,103.79083399067848
2024-07-03,119.87096467630191,124.35622852662716,173.8673463837026,104.41644766218948
2024-07-05,120.5622018787656,125.65287216066176,173.93183245535297,104.59955410263173
2024-07-08,120.7013188000162,125.95170799819314,176.82725707245413,104.70636619288972
2024-07-09,120.81869870232137,126.06060580339525,177.21417350235635,105.01154359362677
2024-07-10,122.01423474431836,127.37497698711388,181.37997373096962,106.00337014602223
2024-07-11,120.96216302736099,124.5816216583246,174.77015138680764,107.94124664070266
2024-07-12,121.72513239234453,125.31351620956674,176.98202364441505,108.73470788261906
2024-07-15,122.05988248410367,125.650339653564,176.58221000018278,106.09492336624338
2024-07-16,122.7837252149855,125.69845728842078,176.50482671420235,106.91890234823344
2024-07-17,121.06215331450984,122.00859444703724,163.93649134954705,106.97993782838088
2024-07-18,120.13180890364671,121.43118282875625,164.7877074953318,106.88838460815974
2024-07-19,119.33406030835054,120.35486731222365,160.0157381932051,107.01045556845459
2024-07-22,120.56437558066017,122.14788233741207,166.1935038573097,107.91072890062895
2024-07-23,120.37526351583519,121.71735613079903,164.34920220810938,107.2393386190074
2024-07-24,117.64726763818753,117.35131389432328,155.39853546303928,108.44478935191881
2024-07-25,117.03428370392723,116.05720276738644,152.54825109609337,107.54451601974448
2024-07-26,118.34502594633486,117.2474811033166,154.96647878298185,108.59737805228738
2024-07-29,118.41458440696015,117.4830042634049,153.8637669577607,109.08566189346668
2024-07-30,117.81464268406708,115.86979724215487,147.97618861608277,109.65024008483027
2024-07-31,119.7296740531568,119.29881185247284,159.27414836922597,111.06931499825767
2024-08-01,118.03418657541562,116.40922125397003,148.9692741194983,113.06822697308547
2024-08-02,115.8365739600357,113.64625601035344,140.85692630588295,113.25133341352773
2024-08-05,112.46298861970963,110.25776151359904,137.5552394373845,110.26059488630442
2024-08-06,113.49984442340522,111.31128446625213,140.23141141087447,111.19138595855249
2024-08-07,112.74122246221076,110.1058110877356,136.36869571901786,111.81699963006348
2024-08-08,115.34749103376421,113.4740455277082,145.0356237488263,111.93907059035833
2024-08-09,115.85613727708657,114.06665218857557,144.99693210583607,112.32054234127968
2024-08-12,115.91700093013367,114.31230537705478,146.3575882176587,112.51890765175875
2024-08-13,117.82333749164525,117.14871332650537,152.30965263098702,113.17503906334348
2024-08-14,118.19504051561157,117.18670093297123,152.43862477428772,113.09874471315919
2024-08-15,120.22093068132287,120.1472017302103,158.87433472499373,113.08348584312233
2024-08-16,120.4904697162458,120.30168466317144,159.09358736860497,113.58702855433852
2024-08-19,121.642531720352,121.88196909215107,162.07929248601667,114.33471318614434
2024-08-20,121.44472484794889,121.62618587528098,159.96414933588483,114.09057126555469
2024-08-21,121.86207561170053,122.1934674651711,161.6214413772991,114.89929137750791
2024-08-22,120.90564677810296,120.25609953541242,156.3271348948045,114.76196154717624
2024-08-23,122.19030459777608,121.56034069074016,160.17695337233098,115.08239781795018
2024-08-26,121.8990285439077,120.38019238320088,156.42386400228003,115.83008244975599
2024-08-27,122.06640358978727,120.73980839107764,157.99732415054882,114.91455024754478
2024-08-28,121.35777677216727,119.36972205120911,155.34049799855396,114.91455024754478
2024-08-29,121.36864528163997,119.19497906146619,153.41881306337322,115.54016391905577
2024-08-30,122.52722839142976,120.61571554328918,156.99779003996824,116.40991951115645
2024-09-03,120.00573419376342,116.95371027998064,145.21618474944734,116.24207194075105
2024-09-04,119.76010587968038,116.64980942825382,144.8679599625354,117.23389849314654
2024-09-05,119.46882982581202,116.75870723345594,144.61646428309896,116.94397996244632
2024-09-06,117.45815557336253,113.63106096776708,138.64505404827557,115.83008244975599
2024-09-09,118.77324521955923,115.09231756315369,141.77907713048313,117.00501544259376
2024-09-10,119.29058627045974,116.15597054419767,143.1203874208106,117.55433476392048
2024-09-11,120.51438043708573,118.67834761353053,150.51049123194193,117.92054764480497
2024-09-12,121.52949922183592,119.84330087848348,150.83292159019376,118.17994843543147
2024-09-13,122.16422017504159,120.38019238320088,152.7739523468696,119.84316526944852
2024-09-16,122.34463743228842,119.8483658926789,150.7684355185434,120.75869747165973
2024-09-17,122.39463257586286,119.91167857012199,150.71684666122314,120.66714425143861
2024-09-18,122.03162435947465,119.39251461508861,149.00151715532354,119.7516120492274
2024-09-19,124.11403077444398,122.41126307557533,155.46947014185469,119.04970402753212
2024-09-20,123.90003656140237,122.17827242258475,153.4123644562082,122.19303125512397
2024-09-23,124.20965037911849,122.50163812386471,154.08946820853694,123.3976976821155
2024-09-24,124.56505215579264,123.09253911928661,156.95909839697805,122.52210092276277
2024-09-25,124.29032440204453,123.20666162913206,158.33910033029574,123.16727748228584
2024-09-26,124.78309005559272,124.13232198676725,162.90471420314128,122.32240341624373
2024-09-27,124.6021185987587,123.44251481614596,159.7577939066037,123.53594980201332
2024-09-30,125.10142538930089,123.77727417835922,158.2810628658104,124.08895828160453
2024-10-01,123.98071058432842,122.05275625180597,154.0443279583817,125.08744581419975
2024-10-02,124.03303968028045,122.22520804446133,156.26264882315414,125.148891200821
2024-10-03,123.80628026448835,122.13391003658496,157.70068822095718,125.10280716085508
2024-10-04,124.93135582745681,123.58706999528349,159.809382763924,124.90310965433603
2024-10-07,123.80191950649234,122.26324888107645,160.06732705052542,122.0305378297928
2024-10-08,124.97278302841883,124.08920903860341,162.8402281314909,122.09198321641406
2024-10-09,125.8383934906252,125.06559051172547,164.5362118158954,121.0474116438529
2024-10-10,125.6181752118271,124.92357138836228,164.21378145764362,120.67873932412542
2024-10-11,126.37040596613741,125.1188476829867,165.52929731931093,121.73867224334188
2024-10-14,127.40390561118987,126.1687747735647,168.48920800806252,123.27480690887305
2024-10-15,126.41401354609744,124.4822976836266,159.38377469103156,123.82781538846423
2024-10-16,126.96346905359366,124.49751401827267,159.48695240567218,126.28563085331406
2024-10-17,126.97437094858368,124.5837399146003,162.23405905797753,125.16425254747631
2024-10-18,127.46277584413589,125.40034987393878,162.18891880782226,125.88623584027593
2024-10-21,127.25345946032778,125.64127517250135,163.0465835607721,125.39467274730596
2024-10-22,127.18586771138976,125.77822218431587,162.30499373679294,124.94919369430197
2024-10-23,126.02372570545529,123.85081979581518,160.57676701656325,126.14737873341625
2024-10-24,126.2962730802054,124.855097882455,161.25387076889203,125.33322736068476
2024-10-25,126.25266550024537,125.6159146147579,163.1239668467525,123.47450441539206
2024-10-28,126.64295334088754,125.63620306095265,161.99546059287118,124.44226925467669
2024-10-29,126.84790896669962,126.84336560953993,165.6776152841068,121.78475628330784
2024-10-30,126.46416226305146,125.88473652683828,161.6536844131243,121.49289069685692
2024-10-31,123.98507134232442,122.70705864158649,155.84993796459182,122.75252112259244
2024-11-01,124.50836230184461,123.61496660880127,157.8296603642579,120.01820141794704
2024-11-04,124.24017568509052,123.25484668884457,157.52012722033618,118.5895961790031
2024-11-05,125.74245681471317,124.82720126893722,160.12536451501072,120.37151239101918
2024-11-06,128.86912029784648,128.21790783923385,164.3169591722842,119.127243311939
2024-11-07,129.8655534999329,130.23660823561087,168.32154422177157,119.34230216511335
2024-11-08,130.42809128141718,130.38877158207146,167.2381782180455,121.63114281675473
2024-11-11,130.5523728843032,130.31268990884118,163.49153745515954,121.96909244317156
2024-11-12,130.146822390675,130.07683672182728,162.41462005859856,120.57120989753824
2024-11-13,130.21005338161703,129.9094570407206,159.6868592277883,120.35615104436388
2024-11-14,129.3727878463847,129.0066211850545,160.04153262186526,119.94139468467047
2024-11-15,127.71569980790397,125.9329215865508,154.73432892504056,121.73867224334188
2024-11-18,128.2389907674242,126.80786082869912,155.7596574642813,122.79860516255837
2024-11-19,128.7077722519944,127.6802640150731,157.46208975585083,123.58203384197927
2024-11-20,128.75137983195444,127.60671839761717,156.40451818078495,123.64347922860048
2024-11-21,129.44255997432072,128.06574449277326,158.70022233153776,125.79406776034403
2024-11-22,129.84374970995287,128.27116501049505,157.74582847111242,125.11816850751039
2024-11-25,130.28418626754907,128.4740494724425,157.12676218326897,125.34858870734004
2024-11-26,130.96446451492537,129.16385664306378,155.68227417830087,127.34556377253053
2024-11-27,130.56763553728922,128.14689827755225,153.63806570698443,127.34556377253053
2024-11-29,131.37873652454553,129.27290704136053,156.14012528701844,127.39164781249646
2024-12-02,131.61421745632964,130.6804179961209,159.84162579974912,124.65732810785104
2024-12-03,131.67526806827365,131.0811148084671,160.19629919382612,123.58203384197927
2024-12-04,132.49291019252402,132.70165444827228,162.9111628103063,123.56667249532393
2024-12-05,132.2748722927239,132.33392636099254,160.11891590784572,123.95070616170672
2024-12-06,132.525615877494,133.51826440761073,160.31882272996185,122.4145714961756
2024-12-09,131.84315725111972,132.4784815401301,158.68087651004265,120.87843683064446
2024-12-10,131.43324599949554,132.02706361229704,154.68918867488534,120.00284007129174
2024-12-11,132.44930261256403,134.39066759398472,158.4745210807615,119.25013408518146
2024-12-12,131.7668439861897,133.52333651915941,156.93975257548288,119.18868869856023
2024-12-13,131.7406794382137,134.54536699621966,160.88630016048498,119.26549543183678
2024-12-16,132.3032172196979,136.4829136078177,163.31097645453855,118.31309193920747
2024-12-17,131.7581224701977,135.8818683892984,161.1893846972417,117.82152884623751
2024-12-18,127.83125989479802,130.97967257749337,156.04984478670795,115.04112510162618
2024-12-19,127.79201307283404,130.39637974939447,154.03787935121667,115.56341088790677
2024-12-20,129.3216684247008,131.5350687920745,156.51414450259054,117.40677248654413
2024-12-23,130.0960889714714,132.8144227043342,161.40302705261934,117.80307833276981
2024-12-24,131.54211151784244,134.61535650618504,162.79543740557307,118.45358178924843
2024-12-26,131.55086203249527,134.5239127588414,162.51047900775927,118.17479459361472
2024-12-27,130.1660930886936,132.73567947745497,160.87196822032996,117.83405468784022
2024-12-30,128.68069322638502,130.97030713290448,158.44982183891278,117.33843300671367
2024-12-31,128.21254069246152,129.8577415402237,156.83721636037566,117.23001576396723
2025-01-02,127.89752216496163,129.60373113093587,158.53401409281233,118.12833006100912
2025-01-03,129.49667871775628,131.7247180484894,163.12573009394814,119.38287244136072
2025-01-06,130.24266009190538,133.2386200878449,168.5334633251871,118.05088917333309
2025-01-07,128.77038600157593,130.86108265691067,164.52461677412492,117.75661380016422
2025-01-08,128.9585220666106,130.88394359374658,163.35240154675455,117.7256374450938
2025-01-10,126.9896562697362,128.83153948670085,160.08185629911907,117.05964581107996
2025-01-13,127.18654284942365,128.41750251956165,158.43686918446667,115.69668618798192
2025-01-14,127.36155314247917,128.29557752310347,158.95497536230997,117.21452758643204
2025-01-15,129.67825189680138,131.24717847902824,162.69181617000442,118.93371529283978
2025-01-16,129.42886222919725,130.32766079740622,163.3912595100928,121.93842173466956
2025-01-17,130.7283136551344,132.52739094183895,167.25115053502503,122.10879168755683
2025-01-21,131.9249465339014,133.3046627942597,169.93235000536387,123.98286116931664
2025-01-22,132.6665526507241,135.00907264058117,173.02803441797732,121.30340645572613
2025-01-23,133.39065773824123,135.2961044030764,172.82079194684002,121.87646902452873
2025-01-24,133.00125983619276,134.53153307112,169.37538586418236,123.11552322734515
2025-01-27,131.11989918584607,130.6146925599015,152.71827224652182,120.26569856086743
2025-01-28,132.24652794739086,132.54517167048908,155.72328807801267,118.60846356460047
2025-01-29,131.65368057966535,132.296241469387,155.12746597349292,118.85627440516376
2025-01-30,132.36028463787696,132.86014457800601,158.78011452728788,121.33438281079658
2025-01-31,131.65586820832857,132.66709666694723,157.77628380771654,120.62192664417712
2025-02-03,130.76987859973505,131.60533315612406,154.6417414317649,121.27243010065575
2025-02-04,131.6471176936758,133.22083935919474,156.38387345476283,120.20374585072659
2025-02-05,132.18089908749508,133.82538413329982,160.05595099022688,121.41182369847259
2025-02-06,132.64030110676578,134.5239127588414,160.83958658421477,121.27243010065575
2025-02-07,131.4261671986932,132.82712322479858,158.67001696449617,121.02461926009248
2025-02-10,132.31871969327628,134.43500911559065,161.66208014154097,122.34111435058492
2025-02-11,132.4193506117832,134.11495599988797,161.82398832211697,122.9606414519931
2025-02-12,131.9927630224604,134.1936992267672,160.94320781978342,122.74380696650024
2025-02-13,133.38628248091487,136.12417833735478,163.1516354028403,123.02259416213394
2025-02-14,133.3797195949253,136.6957017582524,163.579072999561,122.51148430347214
2025-02-18,133.77130512563696,137.0055944575836,165.93645610874782,123.65760944107734
2025-02-19,134.08632365313684,137.0436960189768,166.6618047577283,124.30811289755596
2025-02-20,133.52847834402243,136.46201218170762,166.95971580998824,124.29262472002074
2025-02-21,131.24459401964813,133.62979611814816,161.9017042487935,124.32360107509115
2025-02-24,130.64737139459623,132.05239147647066,157.64675726325575,123.70407397368295
2025-02-25,129.99764568162766,130.3886232956353,154.2984960889437,123.08454687227476
2025-02-26,130.06327454152347,130.70359620315222,157.9058103521774,123.59565673093651
2025-02-27,127.98721494015257,127.07378745442897,148.17189053594726,120.85424930720521
2025-02-28,129.98451990964847,129.08046968780292,150.74946877071744,122.6973424338946
2025-03-03,127.70719847126378,126.25587393652211,144.42857340102975,122.86771238678188
2025-03-04,126.19554706499687,125.87485832259037,145.86631804454478,120.86973748474043
2025-03-05,127.551876836177,127.5157655665898,148.56694649655273,120.01788772030412
2025-03-06,125.28768116977145,124.0078818143247,142.33671970798764,117.52429113713612
2025-03-07,125.98990997065663,124.91977918366808,145.77564946342224,119.70812416960005
2025-03-10,122.63408760131738,120.07834078264179,138.93664791589129,121.02461926009248
2025-03-11,121.61465264426906,119.79130902014651,138.735881771977,119.8939823000225
2025-03-12,122.26000309991123,121.14264439755785,142.81596792249263,119.52226603917758
2025-03-13,120.63021974583184,118.96323508586816,142.18776418185772,119.81654141234647
2025-03-14,123.12192879320958,121.83863291900654,146.73414589243222,122.15525622016244
2025-03-17,124.0713596330357,122.62860529189172,148.28198809873894,122.66636607882421
2025-03-18,122.7303432624979,120.53809962345277,145.98936826178254,121.81451631438794
2025-03-19,124.06698437570931,122.15106572243057,147.27815737916765,122.26367346290888
2025-03-20,123.70821327494552,121.73702875529139,147.04500959913818,122.75929514403545
2025-03-21,123.74879991200801,122.13836520196618,145.5684069922849,121.96939808973997
2025-03-24,125.96494743339403,124.81454521120422,149.36353474498674,121.93072256161682
2025-03-25,126.26774778780121,125.52681180434685,148.72885467712877,119.98095406728368
2025-03-26,124.76032863216538,123.2170329951557,143.7809406787257,120.77645961297162
2025-03-27,124.42900360669084,122.51494163905794,141.02202528171037,120.74526331706225
2025-03-28,121.92322096369793,119.28939149582624,137.40823469125368,121.63435775047819
2025-03-31,122.74165960278408,119.2843038773038,136.95489178564085,122.99139662253403
2025-04-01,123.08834406652565,120.24586377804636,137.61547716239102,123.30335958162735
2025-04-02,123.86728700721082,121.12347797316855,138.6516895180775,123.88049105594995
2025-04-03,117.76300739879909,114.63930816630925,126.65753150100618,123.10058365821669
2025-04-04,110.86881382236854,107.51918604414398,117.09199619257514,116.25299670611872
2025-04-07,110.67133533036386,107.77865458878883,119.74729035402181,114.47480783928692
2025-04-08,108.93791301165598,105.83772812247508,116.54150837861668,114.00686340064696
2025-04-09,120.3785003151279,118.54151157302645,136.54040684336624,118.49913001159051
2025-04-10,115.10363037313587,113.49968161728101,127.0720164432808,117.6100355781746
2025-04-11,117.15740668998468,115.59069283000692,130.37494332703153,119.04506519000375
2025-04-14,118.29400512174502,116.37418608246384,130.56923314372276,121.18201145979289
2025-04-15,117.96268009627049,116.50392035478625,131.41763200994103,121.16641331183821
2025-04-16,115.34060456354149,112.99091976503625,125.8674195797952,120.07454295501168
2025-04-17,115.50516997354539,112.97056929094646,124.68872802520183,121.3067966434302
2025-04-21,112.75583052374671,110.17492291286158,121.64485423037272,118.43673741977184
2025-04-22,115.68948323274977,113.067234042873,124.28071941015027,121.66555404638751
2025-04-23,117.48214909905904,115.6313937781865,128.82062479350176,122.18029292889146
2025-04-24,119.95501866005117,118.88492582329167,135.3358099798807,122.36747070434744
2025-04-25,120.82172981940509,120.21025044838923,137.27870814679287,121.99311515343547
2025-04-28,120.86780813420621,120.17209330947088,136.4238329533515,122.7418262552594
2025-04-29,121.62919743115764,120.9657617989727,136.19068517332207,123.69331328049395
2025-04-30,121.67746995142542,120.95049894340535,136.83184156840306,123.06938736230737
2025-05-01,122.53979269984595,122.5302044946253,137.4924269451532,123.42814476526466
2025-05-02,124.35878903175582,124.34902811640026,141.85099516625957,124.3952299384539
2025-05-05,123.64567225507223,123.61132343064538,140.9313567005878,124.0832669793606
2025-05-06,122.61220148024765,122.46152164457227,139.6231386015336,125.5962873309631
2025-05-07,123.12783976492659,122.94230159494354,142.49215156134065,125.9550447339204
2025-05-08,123.98577410241363,124.21166241629417,143.74208271538745,124.94116511686717
2025-05-09,123.82779130880989,124.13026051993504,144.68115016272833,125.15953918823249
2025-05-12,127.91998450424047,129.18735333124783,153.75448460220832,124.41082808640856
2025-05-13,128.76475360892724,131.15626169943502,159.03269128898643,124.23924845890726
2025-05-14,128.92931901893115,131.94229876115313,160.60643880418533,123.69331328049395
2025-05-15,129.55905598787945,132.0872958890429,160.04947466300385,126.32940028483236
2025-05-16,130.37968883243227,132.66219678207946,159.58965543016794,128.18557989143753
2025-05-19,130.52231218776902,132.78938724514066,159.32412601402325,128.7315150698508
2025-05-20,130.08347109442522,132.3467644336877,159.01973863454035,129.10587062076274
2025-05-21,127.89145983317313,130.50759033782293,156.38387345476283,126.75055027960832
2025-05-22,127.94192655890768,130.75179602690042,155.95643585804214,124.94116511686717
2025-05-23,127.06863278315357,129.54094281855794,153.7739135838774,126.43858732051503
2025-05-27,129.71045616508306,132.588426313504,158.65058798282703,127.39007434574957
2025-05-28,128.9600378954652,132.0008063741613,156.96026657761342,125.61188547891777
2025-05-29,129.46909356374394,132.2602749188061,158.07419485997642,126.48538176437901
2025-05-30,129.32427600294054,132.05168255938577,155.26994517239984,127.78002804461622
2025-06-02,130.05275221789117,133.09464435648752,157.56904133657926,128.18557989143753
2025-06-03,130.79439366564216,134.13506234432802,161.12454498202857,128.52873914644013
2025-06-04,130.7592863781746,134.50900230572788,163.04153784004862,126.28260584096836
2025-06-05,130.1273552037596,133.49656621976084,162.7501031150118,126.07982991755772
2025-06-06,131.46362633299137,134.80154037076863,163.6762179079066,126.64136324392567
2025-06-09,131.5821134281942,134.9999574931441,166.41570432325278,125.83025955028309
2025-06-10,132.3281432868786,135.89283454383363,169.7251075342266,126.12662436142172
2025-06-11,131.95073994660294,135.43494887681334,169.6020573169888,126.20461510119503
2025-06-12,132.47515505314874,135.75292503446633,170.42455087431497,127.73323360075223
2025-06-13,130.99406636311355,134.0485728294464,166.43513330492192,127.00012064688296
2025-06-16,132.24037506820983,135.91318501792338,170.5735064004449,126.37619472869635
2025-06-17,131.11035925284963,134.58786039282586,169.4142438275206,125.33111881573377
2025-06-18,131.0906114036492,134.56496610947482,170.06187654982466,125.65867992278177
2025-06-20,130.78366773105915,134.01550330905053,168.55936863407925,126.0018391777844
2025-06-23,132.07548325502313,135.39198648220056,169.62796262588097,127.5887900712476
2025-06-24,133.5345525776605,137.46240282772914,175.8581894144461,128.13847097381947
2025-06-25,133.60937664548803,137.813838812579,178.22852517807897,126.4266075915243
2025-06-26,134.65471288719652,139.10243742369525,179.52379062268707,127.47885389073325
2025-06-27,135.32372808188998,139.57865864954255,180.31390254389805,127.73013658905181
2025-06-30,135.97073619781062,140.482714987381,180.61181359615793,128.24840715433382
2025-07-01,135.926722040265,139.2985285166912,178.64301012035355,128.6881518763913
2025-07-02,136.5429202459037,140.26879743138542,182.14670314801856,127.57308490260273
2025-07-03,137.61906639789416,141.64907499507117,183.6815926998792,128.5311001899422
2025-07-07,136.59353652708114,140.58203385266464,181.18173039178552,128.7980880569057
2025-07-08,136.5187124592536,140.6609796173773,183.59092411875665,127.4317383847985
2025-07-09,137.33737578960213,141.65671490778527,184.84733160002654,128.6253312018117
2025-07-10,137.72470037600365,141.45298390207523,186.20736031686505,129.67757750102064
2025-07-11,137.2405446430018,141.13465420565322,186.18793133519594,129.4891154772817
2025-07-14,137.50242888039824,141.6465283574998,184.7825683277961,130.00738604256375
2025-07-15,136.91483987716418,141.77640687363996,188.3315956460224,128.76667771961587
2025-07-16,137.37258711563868,141.92156521520837,187.3471939081202,128.8294983941955
2025-07-17,138.21325752476002,143.0700987598989,188.92094142331908,129.36347412812245
2025-07-18,138.1120249624051,142.93258033104462,188.0142556120934,131.53078740112
2025-07-21,138.37390919980155,143.67365186431502,188.14378215655418,131.95482695453256
2025-07-22,138.39371557069708,142.93003369347323,184.81494996391132,133.57245932495826
2025-07-23,139.57109428504248,143.58197291174548,185.61801453956835,132.56732853168404
2025-07-24,139.61730915046533,143.8875694203106,186.38869747911022,132.39457167659003
2025-07-25,140.20709886157667,144.23391213001773,186.18793133519594,132.74008538677802
2025-07-28,140.17188753554018,144.68466698015123,188.72665160662788,131.32662020873616
2025-07-29,139.80216861215698,144.46056287387017,189.69162436286092,132.8343163986475
2025-07-30,139.62611198197447,144.65410732929476,191.8676703098026,133.82374202327682
2025-07-31,139.1023435071816,143.8875694203106,187.0233775469682,134.54617978094265
2025-08-01,136.8224101463184,141.05316180336922,183.89531149823952,134.7503469733265
2025-08-04,138.902079090349,143.65582540131538,187.9365396854169,137.1375326073528
2025-08-05,138.19785256961907,142.6804632114784,185.93535457349736,135.67695192337618
2025-08-06,139.25639305859124,144.47584269929843,185.62449086679138,134.46765393771815
2025-08-07,139.13975554109535,144.9647971130026,188.53883811715968,135.92823462169474
2025-08-08,140.22470452459493,146.3170616634032,190.09963297791248,135.3471433818331
2025-08-11,139.94741533205752,145.8841332762693,190.01544072401296,134.9231038284205
2025-08-12,141.4372945649768,147.71771232765994,194.35457996345022,135.5041950682822
2025-08-13,141.92145029797862,147.79156481722987,195.11878657576898,135.80259327253546
2025-08-14,141.9346545452423,147.67696612651795,195.53327151804362,134.86028315384087
2025-08-15,141.6023476557729,147.0275735458171,191.47261434919707,134.46765393771815
2025-08-18,141.57153774549093,146.96900088167547,192.25624994318503,133.88656269785645
2025-08-19,140.80349069631984,144.9749836632881,188.37692993658368,135.19009169538398
2025-08-20,140.42937035718208,144.11422016416302,187.1399514369829,135.3314382131882
2025-08-21,139.8659891405981,143.44700112046257,186.1685023535268,134.4048332631385
2025-08-22,142.01388002882442,145.66002916998826,190.17087257736594,135.12727102080433
2025-08-25,141.38887899167662,145.2398339707112,190.35220973961108,133.60386966224812
2025-08-26,141.9808694106652,145.8230139745563,192.1850103437316,133.9022678665014
2025-08-27,142.30437346862553,146.04711808083735,192.7743561210283,133.93367820379117
2025-08-28,142.8083355725229,146.96136096896132,193.56446804223927,132.91284224187206
2025-08-29,141.9566616240151,145.2602070712822,188.0013029576473,132.42598201387986
2025-09-02,140.90472325867478,144.04291431216453,185.53382228566883,131.9862372918224
2025-09-03,141.6683688920913,145.1761680314268,185.50144064955364,131.65642875027925
2025-09-04,142.8523497300685,146.4902330182568,187.7228208870566,131.49937706383017
2025-09-05,142.43861664913968,146.70160393668098,189.93772479733644,131.09104267906253
2025-09-08,142.78852920162737,147.41720909423762,192.03605481760164,129.75610334424516
2025-09-09,143.11863538321956,147.83485765594327,192.8715010293739,130.65129795700506
2025-09-10,143.53236846414836,147.8832437697994,194.82735185073219,132.89713707322716
2025-09-11,144.7251521336347,148.74400726892446,196.83501328987478,133.60386966224812
2025-09-12,144.6767365603345,149.40103976233945,197.08759005157333,134.27919191397922
2025-09-15,145.44698431738288,150.67945182317015,198.93334331013997,134.5932952868774
2025-09-16,145.24671990055032,150.55211994460134,198.9592486190321,132.14328897827147
2025-09-17,145.06626185461326,150.25161671117903,197.68988848331614,132.47309751981456
2025-09-18,145.74407988081583,151.60642789915102,205.28014398871983,132.56732853168404
2025-09-19,146.46395651554428,152.63272284041548,204.4641267586167,133.41540763850918
2025-09-22,147.15688528375102,153.53523846252324,208.64783414470097,134.6998187342452
2025-09-23,146.35582431923177,152.5154095786805,208.343446765218,135.3954516009479
2025-09-24,145.89019384123296,151.97999941466307,207.96134345905864,136.35985171160388
2025-09-25,145.21712608867546,151.32475935679412,207.92896182294345,135.04763516759658
2025-09-26,146.04908196642688,151.9468549759382,208.4211626918945,137.24520263286186
2025-09-29,146.4595429565111,152.6505369057897,208.96517417862995,137.64044857985198
2025-09-30,147.0112378356566,153.0686667481652,211.361415251155,137.87759614804608
2025-10-01,147.5121767859207,153.80294354453196,216.10856310564378,139.205622529933
2025-10-02,147.68209880869753,154.43523745251449,219.05529199212728,138.9526651238593
2025-10-03,147.67989202918093,153.7850965390647,218.04498494533297,140.56526858757914
2025-10-06,148.20951911316058,154.9400527500166,222.3841241847702,141.92491464522527
2025-10-07,147.6600310135317,154.12418964294244,218.28460905258547,142.57311799828915
2025-10-08,148.54053604064788,155.8910431842,224.12625620776814,143.55332794682474
2025-10-09,148.1102140349144,155.70237484068906,223.5692920665866,143.18970167559377
2025-10-10,144.10711599183475,150.29728175632258,210.7008298744048,142.60473767404835
2025-10-13,146.31830906744986,153.48679659054073,220.03321740280646,143.6956164877412
2025-10-14,146.13955992660675,152.46441813448837,215.985512888406,144.9762133559893
2025-10-15,146.78835310448179,153.54033760694244,221.34791182908364,146.87339390154204
2025-10-16,145.78868198347018,152.97178300420015,222.33231356698587,145.27660027570184
2025-10-17,146.61622430218839,153.9763144547852,222.02792618750294,144.7706854635544
2025-10-20,148.14110894814655,155.91653890629604,224.8710338384178,144.7232559499156
2025-10-21,148.13890216862995,155.87574575094231,223.627579011594,143.2529410271122
2025-10-22,147.36873611734285,154.3740477194839,219.28843977215678,142.92093443164052
2025-10-23,148.24262080590933,155.67177997417377,223.30376265044194,142.81026556648322
2025-10-24,149.45414276051284,157.33410105483742,227.40975410984973,144.4861083817215
2025-10-27,151.21735959426178,160.13608091319534,233.10892206612553,144.88135432871167
2025-10-28,151.6189934662797,161.3675242904354,235.1619177958294,142.49406880889111
2025-10-29,151.69181719032693,162.09415237017336,238.72389776850176,142.4466392952523
2025-10-30,150.02349187579094,159.61596818243552,235.56345008365795,141.84586545582724
2025-10-31,150.5156037079887,160.3859389897368,235.10363085082196,140.86565550729165
2025-11-03,150.79807148611124,161.15336022482848,237.09833963551864,140.9447046966897
2025-11-04,149.01058007767983,157.8822590799029,228.4589191199823,140.4387898845423
2025-11-05,149.52696648456003,158.90973668037444,232.8239636683117,140.4704095603015
2025-11-06,147.92263777600496,155.9496833450209,227.3773724737345,139.85382588299686
2025-11-07,148.06828522409938,155.4576159085668,225.45390328849143,141.79843594218846
2025-11-10,150.37878337796067,158.89698881932642,232.36414443547585,141.7510064285496
2025-11-11,150.72304098254745,158.4737598325317,227.35146716484238,141.83005561794766
2025-11-12,150.80689860417755,158.34883079426095,230.25286176076457,142.16206221341938
2025-11-13,148.30441063237362,155.11597323247946,223.31671530488805,140.2016423163482
2025-11-14,148.2801360576912,155.2332535541214,223.42033654045673,140.32812101938507
2025-11-17,146.89869208031092,153.90747600512583,220.3894154000737,141.59290804975356
2025-11-18,145.6651023305416,152.0335404310648,215.84951001672218,141.05537356184695
2025-11-19,146.22783110727,152.94118813768483,219.83245125889218,139.8696357208765
2025-11-20,143.99898379552224,149.32079560004314,210.54539802105185,139.15819301629418
2025-11-21,145.43339048130048,150.44260737227017,211.212459725025,139.36372090872908
2025-11-24,147.573966612385,154.28991183656686,219.62520878775487,140.9447046966897
2025-11-25,148.96203092831502,155.2409022707502,220.20160191060546,140.40717020878313
2025-11-26,149.99039018304225,156.6125721195187,225.18837387234677,142.2727310785766
2025-11-28,150.80910538369415,157.8822590799029,228.14805541327638,143.2845607028714
2025-12-01,150.12059017452054,157.35194806030464,228.58844566444313,139.93287507239492
2025-12-02,150.39864439360989,158.58339143754478,232.77862937775043,138.93685528597968
2025-12-03,150.91944435952323,158.970926413405,235.97793502593254,138.49417982535073
2025-12-04,151.02978333535233,158.82305122524784,234.18399238515028,138.20960274351785
2025-12-05,151.316664672508,159.47064256648795,236.0103166620477,136.91319603739012
2025-12-08,150.8620680920921,159.1646939013351,238.68503980516354,135.07925484335576
2025-12-09,150.73186810061378,159.36101096147485,238.97647453020036,135.17411387063342
2025-12-10,151.73153922162538,160.0137014471342,242.2794014139511,135.11087451911496
2025-12-11,152.0846239442785,159.496138288584,240.20050037535503,136.09108446765057
2025-12-12,150.44940032249127,156.44684992589424,229.3396996223159,135.4270712767071
2025-12-15,150.22210203228332,155.66158168533536,228.54958770110485,136.6602386313164
2025-12-16,149.81164104219908,155.97007992269778,227.927860287693,136.09108446765057
2025-12-17,148.16317674331236,153.07886503700362,219.70292471443136,135.20573354639262
2025-12-18,149.28201395821944,155.29699285936158,224.8904628200869,136.53375992827955
2025-12-19,150.63109948619223,157.32135319378938,230.70620466637746,134.79467776152285
2025-12-22,151.56951448174232,158.07451722108493,233.66893008110185,135.29177068413347
2025-12-23,152.26225951383478,158.81484134366232,235.91662120726426,135.76960834842873
2025-12-24,152.79786429903078,159.27945855162463,236.5727391371556,136.37486938986942
2025-12-26,152.78237159863255,159.2692471844167,237.67059983172624,136.27930185701038
2025-12-29,152.2379138417804,158.49828896021543,236.59872400566613,136.53414861130116
2025-12-30,152.0520014370016,158.13067974072868,236.0140644641788,136.85270705416465
2025-12-31,150.92546079375862,156.82362473810932,233.94826741759024,135.9925992584332
2026-01-02,151.20211615801276,156.51983656367238,242.50378537468814,137.55353562846443
2026-01-05,152.20914168389794,157.76307052124204,245.2906625224444,136.02445510271954
2026-01-06,153.11435803573755,159.14926361972311,251.8063683014643,136.6934278327329
2026-01-07,152.62080486590813,159.3024341278426,250.11735184827867,133.3804200269524
2026-01-08,152.60531216550993,158.3961752881358,246.19363670318594,133.76269015838864
2026-01-09,153.6145509343091,159.97383152176624,252.8457630418862,135.41919406127886
2026-01-12,153.85579441193872,160.10657929546974,253.78121830826592,135.6421849712833
2026-01-13,153.54815364688807,159.8691650078846,254.34638919837033,136.50229276701484
2026-01-14,152.79343781320273,158.1613138423526,252.28059215178178,137.52167978417805
2026-01-15,153.209527481041,158.7305975641966,257.5165431566572,138.9233369327775
2026-01-16,153.08115939202705,158.59784979049306,260.1020375734567,138.2225083584778
2026-01-20,149.9649133690682,155.22809861186494,253.60582044581972,136.85270705416465
2026-01-21,151.69566932784224,157.32653457310153,261.1024550111128,137.04384211988278
2026-01-22,152.48801029106616,158.47020770039353,261.6806183354725,136.0563109470059
2026-01-23,152.543341363917,158.97056469358375,259.9071510596276,135.57847328271063
2026-01-26,153.31797638382864,159.67004334732928,259.0821314844177,136.5660044555875
2026-01-27,153.92883142810183,161.1175046490582,264.55844252301563,138.3499317356232
2026-01-28,153.91333872770358,161.65104858567432,270.6518941887391,138.0313732927597
2026-01-29,153.607911205567,160.68352154271972,271.2300575130988,138.0313732927597
2026-01-30,153.1497699223621,158.75357314041455,262.0963762316412,137.77652653846886
2026-02-02,153.91112548478952,159.84363658986467,265.0261701562055,135.76960834842873
2026-02-03,152.60973865133795,157.3878027763493,258.34156273186704,137.74467069418253
2026-02-04,151.87051551805087,154.63839215560503,248.16848670998758,137.23497718560085
2026-02-05,149.9737663407243,152.41231410426886,247.55134608286207,137.2986888741736
2026-02-06,152.85098212896762,155.6340004583815,260.92056093153894,138.09508498133238
2026-02-09,153.58799201934073,156.82617757991133,264.16866949535745,138.50921095705493
2026-02-10,153.1829685660726,156.0986176663439,262.94088445823405,140.80283174567222
2026-02-11,153.1475566794481,156.51728372187043,269.4500940201263,142.04520967283995
2026-02-12,150.78160000434647,153.33388999478763,263.81787377046504,144.14769539573908
2026-02-13,150.88783566422006,153.66065374544243,264.8637647280146,148.129675931533
2026-02-17,151.13129238476373,153.50237755371901,264.72734416833424,147.7474058000968
2026-02-18,151.8926479471912,154.64860352281298,268.0014376006632,145.29450579004774
2026-02-19,151.49205097975116,154.0563442247511,266.47482657566854,146.88729800436528
2026-02-20,152.58760622219762,155.41956174701426,269.61249944831724,147.588126578665
2026-02-23,151.02948321071815,153.53045881354092,268.2158127658753,148.7030811286873
2026-02-24,152.12725169607873,155.17959461762712,272.2954371220313,150.3595850315776
2026-02-25,153.41093258621802,157.4286482451812,276.84278911137716,150.8692785401592
2026-02-26,152.5588340643152,155.52933394449988,267.6506418757709,150.2958733430049
2026-02-27,151.8262506597702,155.03152979311164,263.9867754157836,152.04794477875416
2026-03-02,151.91256713341747,155.23575713727092,263.9997678500389,150.90113438444553
2026-03-03,150.57355517042734,153.57385712417476,254.0410669933714,149.945459055855
2026-03-04,151.63591176916333,155.91481305660054,259.26402556399154,150.58257594158206
2026-03-05,150.7904529760026,155.44509016503417,256.82794414112766,149.40390970298702
2026-03-06,148.81402705377087,153.10668707441042,247.22003900935258,148.89421619440543
2026-03-09,150.11762713013647,155.15151335780521,256.1913148626192,149.24463048155528
2026-03-10,149.87638365250683,155.1540661996072,258.1141951323998,148.32081099725113
2026-03-11,149.688258004814,155.13364346519128,260.51779546962547,147.0784330700834
2026-03-12,147.4152575321018,152.47102946571468,252.13767537497375,148.129675931533
2026-03-13,146.58086495351125,151.56732346780987,251.61797800476282,149.59504476870512
2026-03-16,148.07259067756974,153.26751610793585,255.89898509187557,150.5507200972957
2026-03-17,148.46212143043957,154.0154987559192,257.82186536165614,150.13659412157313
2026-03-18,146.39052606290437,151.8685588004448,255.73657966368464,148.86236035011908
2026-03-19,146.02976746791697,151.38862454167048,256.5486068046393,148.2570993086784
2026-03-20,143.94201520578508,148.59070992668833,249.93545776870482,142.23634473855802
2026-03-23,145.4534096945086,150.29417531000448,254.2359535072005,143.63781712326062
2026-03-24,144.9651471577697,149.26665390737486,256.33423163942723,144.6321834320639
2026-03-25,145.77299971855584,150.24816688899122,259.2120558269704,145.14540475273657
2026-03-26,143.1696726476709,146.662066073346,247.4019330889264,145.4020154130729
2026-03-27,140.72835996397654,143.79676385357538,243.12092600181364,146.23600005916597
2026-03-30,140.25785242857364,142.6976737960362,235.5073595282231,147.29451903305332
2026-03-31,144.3348446103432,147.52855800242924,249.06496467360148,147.19829003542722
2026-04-01,145.42233844217066,149.3510026792325,254.63222275198635,147.9039693513521
2026-04-02,145.55328157702337,149.52225624633746,254.85959035145365,148.64172499981905
2026-04-06,146.24128787879175,150.42197647948578,257.2372058201688,148.09642734660437
2026-04-07,146.30564975863462,150.44498068999243,259.7837229342025,148.4171906720248
2026-04-08,150.03198066401893,154.9180216218378,274.7380147620228,150.05308363166887
2026-04-09,150.89753697914696,155.96599121158445,279.5387192193465,151.23990793572437
2026-04-10,150.79766509663216,156.19092126987152,283.806733872204,150.6304576174256
2026-04-13,152.27133020751677,157.80632805211508,288.0032901366575,148.80210666252924
2026-04-14,154.12672784712447,160.67163027188576,293.6290141691911,149.05871732286562
2026-04-15,155.34294543863763,162.92093085475653,294.2786358819548,147.61528235847373
2026-04-16,155.72467796736075,163.70563003537174,295.44795496492947,148.67380133236108
2026-04-17,157.60670810897238,165.84757763587825,301.52841419639765,148.06435101406228
2026-04-20,157.29155683525912,165.3210368176153,301.3984898538449,146.74922137983862
2026-04-21,156.2617667577735,164.69225506376733,301.8532250527795,144.18311477647532
2026-04-22,157.84418125184084,167.44764827778408,309.7591212971137,143.92650411613897
2026-04-23,157.23163370575026,166.5044756470121,313.02022229518747,147.83981668626805
2026-04-24,158.45007067243043,169.689280790486,328.99442021204675,148.12850367914638
2026-04-27,158.72305381797077,169.77874160912293,328.8774883037493,148.16058001168844
2026-04-28,157.95071125985658,168.07131798485278,319.10068152665565,148.35303800694066
2026-04-29,157.92629813301963,169.09883938748243,324.5380152624878,146.52468705204433
2026-04-30,159.497615751252,170.67590581888163,329.1763142916206,150.27761795946316
2026-05-01,159.93927140948398,172.31431681163184,331.1901416011881,149.31532798320194
2026-05-04,159.3533563653973,171.98970184114935,329.22178781151405,148.73795399744517
2026-05-05,160.6317164615864,174.2211102602928,339.5507730444569,148.73795399744517
2026-05-06,162.86440787958318,177.8404393800031,357.1360328089701,146.6209160496705
2026-05-07,162.36504846700936,177.62828943866413,350.8606870636728,144.72841242969002
2026-05-08,163.70555106787427,181.79205154036478,368.03668514914494,143.44535912800836
2026-05-11,164.07840609592935,182.3185923586277,374.38348928284626,144.79256509477412
2026-05-12,163.82983607722593,180.77219820790404,364.600186288625,144.9529467574843
2026-05-13,164.74643802119482,182.6815476799546,371.88244568870607,143.28497746529817
2026-05-14,166.04699186905378,183.98000756188458,375.7022213597566,144.0227331137651
2026-05-15,164.0495542187584,181.2041661607508,361.41054367895526,140.71887086193485
2026-05-18,163.9341467100747,180.42457902691487,354.7973946430208,140.94340518972913
2026-05-19,162.84221412791322,179.31270885242765,353.36822687494066,142.22645849141082
2026-05-20,164.51118425349338,182.28280803117298,366.8153963291492,142.77175614462553
2026-05-21,164.83743240304162,182.6304272121621,368.9071782442483,144.34349643918554
2026-05-22,165.4854899518041,183.40490229921872,374.389985499974,145.466168078157
2026-05-26,166.58408065946657,186.66127609760218,391.1632181235326,145.4020154130729
2026-05-27,166.55522878229564,186.44912615626325,386.84972995078164,144.79256509477412
2026-05-28,167.4740501014315,188.02108054088316,389.6625919670485,143.15667213513
2026-05-29,167.89129263282655,188.7137628794718,389.0779324255611,142.48306915174715
2026-06-01,168.34848391722744,189.84608124107606,394.8465732349027,138.2489932561977
2026-06-02,168.57707955942792,190.72024124032816,410.69734302633697,140.815099859561
2026-06-03,167.39415259541965,190.2218166793511,414.3936905719624,140.2056495412622
2026-06-04,168.0266745180132,189.30164825908574,407.65711341060285,140.94340518972913
2026-06-05,163.69001544170527,180.21498510896555,370.08299354435064,142.25853482395286
2026-06-08,164.0606510945934,183.02916686094372,388.5777237067331,139.59619922296346
2026-06-09,163.57904668335553,180.923003587892,383.9329284604726,141.07171051989732
2026-06-10,161.0001327393075,177.3087865149609,370.8755320339223,141.13586318498142
2026-06-11,163.73662232021218,183.29754931685446,395.91195284383525,141.2962448476916
2026-06-12,164.62215301184312,184.37619118727662,402.73947704498164,142.8359088097096
2026-06-15,167.52509573027237,190.16814018816896,420.3702103293884,143.50951179309246
2026-06-16,166.5263769051247,186.5539231152379,400.1669750624374,144.5359544344378
2026-06-17,164.44682237365052,184.67524592386283,405.3444601131641,142.6113744819153
2026-06-18,166.15208283421126,189.3042042824754,428.67237581850844,143.57366445817652
2026-06-22,165.62920017805197,188.82967598416792,434.5384598847646,144.35765814000285
2026-06-23,163.2239399597192,182.61169220963674,404.09718642465776,145.4874698651594
2026-06-24,163.14828885201953,181.83636336861497,402.06387046370736,147.00464561036964
2026-06-25,163.38414230543606,183.3102558188742,413.7310764249434,148.0053359955083
2026-06-26,162.202650005774,180.78723853422903,397.3151357434048,149.13514772066483
2026-06-29,164.87491413363492,185.28056343467216,410.5479300324013,148.55410169058433
2026-06-30,166.15875793194945,188.43305561994885,426.0803851845813,146.35903891028016
2026-07-01,165.93402964142993,185.55947711015523,403.0642879013635,144.5190598150252
2026-07-02,165.7159764486486,182.34301389839158,384.76444425281016,147.71481298046803
2026-07-06,167.16224762525945,184.95814946117792,392.5664010231021,146.22991757026227
2026-07-07,166.3679109944132,181.5318612825371,377.7225448864517,147.5211309704412
2026-07-08,165.8539284685715,182.04618833549213,385.2256756688724,146.4235995802891
2026-07-09,167.2579240261737,185.07585614991393,394.79460349788167,145.68115187518623
2026-07-10,167.97883458189972,185.64647770617748,396.9383551500018,146.58500125531148
2026-07-13,166.69276575100577,182.12295356727648,380.4314674286763,147.58569164045014
2026-07-14,167.2846244171265,184.15723220956139,389.974410389175,147.48885063543673
2026-07-15,167.9476841257881,183.6582582029632,383.77701924940936,145.9716748902265
